DEBUG - 2026-05-12 13:57:23 --> Session: Class initialized using 'CodeIgniter\Session\Handlers\FileHandler' driver.
DEBUG - 2026-05-12 13:58:10 --> Session: Class initialized using 'CodeIgniter\Session\Handlers\FileHandler' driver.
DEBUG - 2026-05-12 14:19:15 --> Session: Class initialized using 'CodeIgniter\Session\Handlers\FileHandler' driver.
DEBUG - 2026-05-12 14:19:29 --> Session: Class initialized using 'CodeIgniter\Session\Handlers\FileHandler' driver.
DEBUG - 2026-05-12 14:19:30 --> Session: Class initialized using 'CodeIgniter\Session\Handlers\FileHandler' driver.
DEBUG - 2026-05-12 14:19:36 --> Session: Class initialized using 'CodeIgniter\Session\Handlers\FileHandler' driver.
DEBUG - 2026-05-12 14:19:54 --> Session: Class initialized using 'CodeIgniter\Session\Handlers\FileHandler' driver.
DEBUG - 2026-05-12 14:19:54 --> Session: Class initialized using 'CodeIgniter\Session\Handlers\FileHandler' driver.
DEBUG - 2026-05-12 14:20:07 --> Session: Class initialized using 'CodeIgniter\Session\Handlers\FileHandler' driver.
ERROR - 2026-05-12 14:20:08 --> Table 'livys_sari_store.transactions' doesn't exist
in SYSTEMPATH\Database\MySQLi\Connection.php on line 300.
 1 SYSTEMPATH\Database\MySQLi\Connection.php(300): mysqli->query('SELECT SUM(`amount_paid`) AS `amount_paid`
FROM `transactions`
WHERE `created_at` LIKE \'2026-05-12%\' ESCAPE \'!\'
 LIMIT 1', 0)
 2 SYSTEMPATH\Database\BaseConnection.php(910): CodeIgniter\Database\MySQLi\Connection->execute('SELECT SUM(`amount_paid`) AS `amount_paid`
FROM `transactions`
WHERE `created_at` LIKE \'2026-05-12%\' ESCAPE \'!\'
 LIMIT 1')
 3 SYSTEMPATH\Database\BaseConnection.php(827): CodeIgniter\Database\BaseConnection->simpleQuery('SELECT SUM(`amount_paid`) AS `amount_paid`
FROM `transactions`
WHERE `created_at` LIKE \'2026-05-12%\' ESCAPE \'!\'
 LIMIT 1')
 4 SYSTEMPATH\Database\BaseBuilder.php(1649): CodeIgniter\Database\BaseConnection->query('SELECT SUM(`amount_paid`) AS `amount_paid`
FROM `transactions`
WHERE `created_at` LIKE :created_at: ESCAPE \'!\'
 LIMIT 1', [...], false)
 5 SYSTEMPATH\Model.php(295): CodeIgniter\Database\BaseBuilder->get()
 6 SYSTEMPATH\BaseModel.php(714): CodeIgniter\Model->doFirst()
 7 APPPATH\Controllers\Dashboard.php(19): CodeIgniter\BaseModel->first()
 8 SYSTEMPATH\CodeIgniter.php(951): App\Controllers\Dashboard->index()
 9 SYSTEMPATH\CodeIgniter.php(497): CodeIgniter\CodeIgniter->runController(Object(App\Controllers\Dashboard))
10 SYSTEMPATH\CodeIgniter.php(340): CodeIgniter\CodeIgniter->handleRequest(null, Object(Config\Cache), false)
11 SYSTEMPATH\Boot.php(417): CodeIgniter\CodeIgniter->run()
12 SYSTEMPATH\Boot.php(68): CodeIgniter\Boot::runCodeIgniter(Object(CodeIgniter\CodeIgniter))
13 FCPATH\index.php(59): CodeIgniter\Boot::bootWeb(Object(Config\Paths))
14 SYSTEMPATH\rewrite.php(44): require_once('C:\\xampp\\htdocs\\Midterm_activity_final\\public\\index.php')
CRITICAL - 2026-05-12 14:20:08 --> CodeIgniter\Database\Exceptions\DatabaseException: Table 'livys_sari_store.transactions' doesn't exist
[Method: GET, Route: dashboard]
in SYSTEMPATH\Database\BaseConnection.php on line 865.
 1 SYSTEMPATH\Database\BaseBuilder.php(1649): CodeIgniter\Database\BaseConnection->query('SELECT SUM(`amount_paid`) AS `amount_paid`
FROM `transactions`
WHERE `created_at` LIKE :created_at: ESCAPE \'!\'
 LIMIT 1', [...], false)
 2 SYSTEMPATH\Model.php(295): CodeIgniter\Database\BaseBuilder->get()
 3 SYSTEMPATH\BaseModel.php(714): CodeIgniter\Model->doFirst()
 4 APPPATH\Controllers\Dashboard.php(19): CodeIgniter\BaseModel->first()
 5 SYSTEMPATH\CodeIgniter.php(951): App\Controllers\Dashboard->index()
 6 SYSTEMPATH\CodeIgniter.php(497): CodeIgniter\CodeIgniter->runController(Object(App\Controllers\Dashboard))
 7 SYSTEMPATH\CodeIgniter.php(340): CodeIgniter\CodeIgniter->handleRequest(null, Object(Config\Cache), false)
 8 SYSTEMPATH\Boot.php(417): CodeIgniter\CodeIgniter->run()
 9 SYSTEMPATH\Boot.php(68): CodeIgniter\Boot::runCodeIgniter(Object(CodeIgniter\CodeIgniter))
10 FCPATH\index.php(59): CodeIgniter\Boot::bootWeb(Object(Config\Paths))
11 SYSTEMPATH\rewrite.php(44): require_once('C:\\xampp\\htdocs\\Midterm_activity_final\\public\\index.php')
CRITICAL - 2026-05-12 14:20:08 --> [Caused by] CodeIgniter\Database\Exceptions\DatabaseException: Table 'livys_sari_store.transactions' doesn't exist
in SYSTEMPATH\Database\MySQLi\Connection.php on line 310.
 1 SYSTEMPATH\Database\BaseConnection.php(910): CodeIgniter\Database\MySQLi\Connection->execute('SELECT SUM(`amount_paid`) AS `amount_paid`
FROM `transactions`
WHERE `created_at` LIKE \'2026-05-12%\' ESCAPE \'!\'
 LIMIT 1')
 2 SYSTEMPATH\Database\BaseConnection.php(827): CodeIgniter\Database\BaseConnection->simpleQuery('SELECT SUM(`amount_paid`) AS `amount_paid`
FROM `transactions`
WHERE `created_at` LIKE \'2026-05-12%\' ESCAPE \'!\'
 LIMIT 1')
 3 SYSTEMPATH\Database\BaseBuilder.php(1649): CodeIgniter\Database\BaseConnection->query('SELECT SUM(`amount_paid`) AS `amount_paid`
FROM `transactions`
WHERE `created_at` LIKE :created_at: ESCAPE \'!\'
 LIMIT 1', [...], false)
 4 SYSTEMPATH\Model.php(295): CodeIgniter\Database\BaseBuilder->get()
 5 SYSTEMPATH\BaseModel.php(714): CodeIgniter\Model->doFirst()
 6 APPPATH\Controllers\Dashboard.php(19): CodeIgniter\BaseModel->first()
 7 SYSTEMPATH\CodeIgniter.php(951): App\Controllers\Dashboard->index()
 8 SYSTEMPATH\CodeIgniter.php(497): CodeIgniter\CodeIgniter->runController(Object(App\Controllers\Dashboard))
 9 SYSTEMPATH\CodeIgniter.php(340): CodeIgniter\CodeIgniter->handleRequest(null, Object(Config\Cache), false)
10 SYSTEMPATH\Boot.php(417): CodeIgniter\CodeIgniter->run()
11 SYSTEMPATH\Boot.php(68): CodeIgniter\Boot::runCodeIgniter(Object(CodeIgniter\CodeIgniter))
12 FCPATH\index.php(59): CodeIgniter\Boot::bootWeb(Object(Config\Paths))
13 SYSTEMPATH\rewrite.php(44): require_once('C:\\xampp\\htdocs\\Midterm_activity_final\\public\\index.php')
CRITICAL - 2026-05-12 14:20:08 --> [Caused by] mysqli_sql_exception: Table 'livys_sari_store.transactions' doesn't exist
in SYSTEMPATH\Database\MySQLi\Connection.php on line 300.
 1 SYSTEMPATH\Database\MySQLi\Connection.php(300): mysqli->query('SELECT SUM(`amount_paid`) AS `amount_paid`
FROM `transactions`
WHERE `created_at` LIKE \'2026-05-12%\' ESCAPE \'!\'
 LIMIT 1', 0)
 2 SYSTEMPATH\Database\BaseConnection.php(910): CodeIgniter\Database\MySQLi\Connection->execute('SELECT SUM(`amount_paid`) AS `amount_paid`
FROM `transactions`
WHERE `created_at` LIKE \'2026-05-12%\' ESCAPE \'!\'
 LIMIT 1')
 3 SYSTEMPATH\Database\BaseConnection.php(827): CodeIgniter\Database\BaseConnection->simpleQuery('SELECT SUM(`amount_paid`) AS `amount_paid`
FROM `transactions`
WHERE `created_at` LIKE \'2026-05-12%\' ESCAPE \'!\'
 LIMIT 1')
 4 SYSTEMPATH\Database\BaseBuilder.php(1649): CodeIgniter\Database\BaseConnection->query('SELECT SUM(`amount_paid`) AS `amount_paid`
FROM `transactions`
WHERE `created_at` LIKE :created_at: ESCAPE \'!\'
 LIMIT 1', [...], false)
 5 SYSTEMPATH\Model.php(295): CodeIgniter\Database\BaseBuilder->get()
 6 SYSTEMPATH\BaseModel.php(714): CodeIgniter\Model->doFirst()
 7 APPPATH\Controllers\Dashboard.php(19): CodeIgniter\BaseModel->first()
 8 SYSTEMPATH\CodeIgniter.php(951): App\Controllers\Dashboard->index()
 9 SYSTEMPATH\CodeIgniter.php(497): CodeIgniter\CodeIgniter->runController(Object(App\Controllers\Dashboard))
10 SYSTEMPATH\CodeIgniter.php(340): CodeIgniter\CodeIgniter->handleRequest(null, Object(Config\Cache), false)
11 SYSTEMPATH\Boot.php(417): CodeIgniter\CodeIgniter->run()
12 SYSTEMPATH\Boot.php(68): CodeIgniter\Boot::runCodeIgniter(Object(CodeIgniter\CodeIgniter))
13 FCPATH\index.php(59): CodeIgniter\Boot::bootWeb(Object(Config\Paths))
14 SYSTEMPATH\rewrite.php(44): require_once('C:\\xampp\\htdocs\\Midterm_activity_final\\public\\index.php')
ERROR - 2026-05-12 14:21:01 --> Table 'livys_sari_store.transactions' doesn't exist
in SYSTEMPATH\Database\MySQLi\Connection.php on line 300.
 1 SYSTEMPATH\Database\MySQLi\Connection.php(300): mysqli->query('SELECT SUM(`amount_paid`) AS `amount_paid`
FROM `transactions`
WHERE `created_at` LIKE \'2026-05-12%\' ESCAPE \'!\'
 LIMIT 1', 0)
 2 SYSTEMPATH\Database\BaseConnection.php(910): CodeIgniter\Database\MySQLi\Connection->execute('SELECT SUM(`amount_paid`) AS `amount_paid`
FROM `transactions`
WHERE `created_at` LIKE \'2026-05-12%\' ESCAPE \'!\'
 LIMIT 1')
 3 SYSTEMPATH\Database\BaseConnection.php(827): CodeIgniter\Database\BaseConnection->simpleQuery('SELECT SUM(`amount_paid`) AS `amount_paid`
FROM `transactions`
WHERE `created_at` LIKE \'2026-05-12%\' ESCAPE \'!\'
 LIMIT 1')
 4 SYSTEMPATH\Database\BaseBuilder.php(1649): CodeIgniter\Database\BaseConnection->query('SELECT SUM(`amount_paid`) AS `amount_paid`
FROM `transactions`
WHERE `created_at` LIKE :created_at: ESCAPE \'!\'
 LIMIT 1', [...], false)
 5 SYSTEMPATH\Model.php(295): CodeIgniter\Database\BaseBuilder->get()
 6 SYSTEMPATH\BaseModel.php(714): CodeIgniter\Model->doFirst()
 7 APPPATH\Controllers\Dashboard.php(19): CodeIgniter\BaseModel->first()
 8 SYSTEMPATH\CodeIgniter.php(951): App\Controllers\Dashboard->index()
 9 SYSTEMPATH\CodeIgniter.php(497): CodeIgniter\CodeIgniter->runController(Object(App\Controllers\Dashboard))
10 SYSTEMPATH\CodeIgniter.php(340): CodeIgniter\CodeIgniter->handleRequest(null, Object(Config\Cache), false)
11 SYSTEMPATH\Boot.php(417): CodeIgniter\CodeIgniter->run()
12 SYSTEMPATH\Boot.php(68): CodeIgniter\Boot::runCodeIgniter(Object(CodeIgniter\CodeIgniter))
13 FCPATH\index.php(59): CodeIgniter\Boot::bootWeb(Object(Config\Paths))
14 SYSTEMPATH\rewrite.php(44): require_once('C:\\xampp\\htdocs\\Midterm_activity_final\\public\\index.php')
CRITICAL - 2026-05-12 14:21:01 --> CodeIgniter\Database\Exceptions\DatabaseException: Table 'livys_sari_store.transactions' doesn't exist
[Method: GET, Route: dashboard]
in SYSTEMPATH\Database\BaseConnection.php on line 865.
 1 SYSTEMPATH\Database\BaseBuilder.php(1649): CodeIgniter\Database\BaseConnection->query('SELECT SUM(`amount_paid`) AS `amount_paid`
FROM `transactions`
WHERE `created_at` LIKE :created_at: ESCAPE \'!\'
 LIMIT 1', [...], false)
 2 SYSTEMPATH\Model.php(295): CodeIgniter\Database\BaseBuilder->get()
 3 SYSTEMPATH\BaseModel.php(714): CodeIgniter\Model->doFirst()
 4 APPPATH\Controllers\Dashboard.php(19): CodeIgniter\BaseModel->first()
 5 SYSTEMPATH\CodeIgniter.php(951): App\Controllers\Dashboard->index()
 6 SYSTEMPATH\CodeIgniter.php(497): CodeIgniter\CodeIgniter->runController(Object(App\Controllers\Dashboard))
 7 SYSTEMPATH\CodeIgniter.php(340): CodeIgniter\CodeIgniter->handleRequest(null, Object(Config\Cache), false)
 8 SYSTEMPATH\Boot.php(417): CodeIgniter\CodeIgniter->run()
 9 SYSTEMPATH\Boot.php(68): CodeIgniter\Boot::runCodeIgniter(Object(CodeIgniter\CodeIgniter))
10 FCPATH\index.php(59): CodeIgniter\Boot::bootWeb(Object(Config\Paths))
11 SYSTEMPATH\rewrite.php(44): require_once('C:\\xampp\\htdocs\\Midterm_activity_final\\public\\index.php')
CRITICAL - 2026-05-12 14:21:01 --> [Caused by] CodeIgniter\Database\Exceptions\DatabaseException: Table 'livys_sari_store.transactions' doesn't exist
in SYSTEMPATH\Database\MySQLi\Connection.php on line 310.
 1 SYSTEMPATH\Database\BaseConnection.php(910): CodeIgniter\Database\MySQLi\Connection->execute('SELECT SUM(`amount_paid`) AS `amount_paid`
FROM `transactions`
WHERE `created_at` LIKE \'2026-05-12%\' ESCAPE \'!\'
 LIMIT 1')
 2 SYSTEMPATH\Database\BaseConnection.php(827): CodeIgniter\Database\BaseConnection->simpleQuery('SELECT SUM(`amount_paid`) AS `amount_paid`
FROM `transactions`
WHERE `created_at` LIKE \'2026-05-12%\' ESCAPE \'!\'
 LIMIT 1')
 3 SYSTEMPATH\Database\BaseBuilder.php(1649): CodeIgniter\Database\BaseConnection->query('SELECT SUM(`amount_paid`) AS `amount_paid`
FROM `transactions`
WHERE `created_at` LIKE :created_at: ESCAPE \'!\'
 LIMIT 1', [...], false)
 4 SYSTEMPATH\Model.php(295): CodeIgniter\Database\BaseBuilder->get()
 5 SYSTEMPATH\BaseModel.php(714): CodeIgniter\Model->doFirst()
 6 APPPATH\Controllers\Dashboard.php(19): CodeIgniter\BaseModel->first()
 7 SYSTEMPATH\CodeIgniter.php(951): App\Controllers\Dashboard->index()
 8 SYSTEMPATH\CodeIgniter.php(497): CodeIgniter\CodeIgniter->runController(Object(App\Controllers\Dashboard))
 9 SYSTEMPATH\CodeIgniter.php(340): CodeIgniter\CodeIgniter->handleRequest(null, Object(Config\Cache), false)
10 SYSTEMPATH\Boot.php(417): CodeIgniter\CodeIgniter->run()
11 SYSTEMPATH\Boot.php(68): CodeIgniter\Boot::runCodeIgniter(Object(CodeIgniter\CodeIgniter))
12 FCPATH\index.php(59): CodeIgniter\Boot::bootWeb(Object(Config\Paths))
13 SYSTEMPATH\rewrite.php(44): require_once('C:\\xampp\\htdocs\\Midterm_activity_final\\public\\index.php')
CRITICAL - 2026-05-12 14:21:01 --> [Caused by] mysqli_sql_exception: Table 'livys_sari_store.transactions' doesn't exist
in SYSTEMPATH\Database\MySQLi\Connection.php on line 300.
 1 SYSTEMPATH\Database\MySQLi\Connection.php(300): mysqli->query('SELECT SUM(`amount_paid`) AS `amount_paid`
FROM `transactions`
WHERE `created_at` LIKE \'2026-05-12%\' ESCAPE \'!\'
 LIMIT 1', 0)
 2 SYSTEMPATH\Database\BaseConnection.php(910): CodeIgniter\Database\MySQLi\Connection->execute('SELECT SUM(`amount_paid`) AS `amount_paid`
FROM `transactions`
WHERE `created_at` LIKE \'2026-05-12%\' ESCAPE \'!\'
 LIMIT 1')
 3 SYSTEMPATH\Database\BaseConnection.php(827): CodeIgniter\Database\BaseConnection->simpleQuery('SELECT SUM(`amount_paid`) AS `amount_paid`
FROM `transactions`
WHERE `created_at` LIKE \'2026-05-12%\' ESCAPE \'!\'
 LIMIT 1')
 4 SYSTEMPATH\Database\BaseBuilder.php(1649): CodeIgniter\Database\BaseConnection->query('SELECT SUM(`amount_paid`) AS `amount_paid`
FROM `transactions`
WHERE `created_at` LIKE :created_at: ESCAPE \'!\'
 LIMIT 1', [...], false)
 5 SYSTEMPATH\Model.php(295): CodeIgniter\Database\BaseBuilder->get()
 6 SYSTEMPATH\BaseModel.php(714): CodeIgniter\Model->doFirst()
 7 APPPATH\Controllers\Dashboard.php(19): CodeIgniter\BaseModel->first()
 8 SYSTEMPATH\CodeIgniter.php(951): App\Controllers\Dashboard->index()
 9 SYSTEMPATH\CodeIgniter.php(497): CodeIgniter\CodeIgniter->runController(Object(App\Controllers\Dashboard))
10 SYSTEMPATH\CodeIgniter.php(340): CodeIgniter\CodeIgniter->handleRequest(null, Object(Config\Cache), false)
11 SYSTEMPATH\Boot.php(417): CodeIgniter\CodeIgniter->run()
12 SYSTEMPATH\Boot.php(68): CodeIgniter\Boot::runCodeIgniter(Object(CodeIgniter\CodeIgniter))
13 FCPATH\index.php(59): CodeIgniter\Boot::bootWeb(Object(Config\Paths))
14 SYSTEMPATH\rewrite.php(44): require_once('C:\\xampp\\htdocs\\Midterm_activity_final\\public\\index.php')
ERROR - 2026-05-12 14:21:19 --> Table 'livys_sari_store.transactions' doesn't exist
in SYSTEMPATH\Database\MySQLi\Connection.php on line 300.
 1 SYSTEMPATH\Database\MySQLi\Connection.php(300): mysqli->query('SELECT SUM(`amount_paid`) AS `amount_paid`
FROM `transactions`
WHERE `created_at` LIKE \'2026-05-12%\' ESCAPE \'!\'
 LIMIT 1', 0)
 2 SYSTEMPATH\Database\BaseConnection.php(910): CodeIgniter\Database\MySQLi\Connection->execute('SELECT SUM(`amount_paid`) AS `amount_paid`
FROM `transactions`
WHERE `created_at` LIKE \'2026-05-12%\' ESCAPE \'!\'
 LIMIT 1')
 3 SYSTEMPATH\Database\BaseConnection.php(827): CodeIgniter\Database\BaseConnection->simpleQuery('SELECT SUM(`amount_paid`) AS `amount_paid`
FROM `transactions`
WHERE `created_at` LIKE \'2026-05-12%\' ESCAPE \'!\'
 LIMIT 1')
 4 SYSTEMPATH\Database\BaseBuilder.php(1649): CodeIgniter\Database\BaseConnection->query('SELECT SUM(`amount_paid`) AS `amount_paid`
FROM `transactions`
WHERE `created_at` LIKE :created_at: ESCAPE \'!\'
 LIMIT 1', [...], false)
 5 SYSTEMPATH\Model.php(295): CodeIgniter\Database\BaseBuilder->get()
 6 SYSTEMPATH\BaseModel.php(714): CodeIgniter\Model->doFirst()
 7 APPPATH\Controllers\Dashboard.php(19): CodeIgniter\BaseModel->first()
 8 SYSTEMPATH\CodeIgniter.php(951): App\Controllers\Dashboard->index()
 9 SYSTEMPATH\CodeIgniter.php(497): CodeIgniter\CodeIgniter->runController(Object(App\Controllers\Dashboard))
10 SYSTEMPATH\CodeIgniter.php(340): CodeIgniter\CodeIgniter->handleRequest(null, Object(Config\Cache), false)
11 SYSTEMPATH\Boot.php(417): CodeIgniter\CodeIgniter->run()
12 SYSTEMPATH\Boot.php(68): CodeIgniter\Boot::runCodeIgniter(Object(CodeIgniter\CodeIgniter))
13 FCPATH\index.php(59): CodeIgniter\Boot::bootWeb(Object(Config\Paths))
14 SYSTEMPATH\rewrite.php(44): require_once('C:\\xampp\\htdocs\\Midterm_activity_final\\public\\index.php')
CRITICAL - 2026-05-12 14:21:19 --> CodeIgniter\Database\Exceptions\DatabaseException: Table 'livys_sari_store.transactions' doesn't exist
[Method: GET, Route: dashboard]
in SYSTEMPATH\Database\BaseConnection.php on line 865.
 1 SYSTEMPATH\Database\BaseBuilder.php(1649): CodeIgniter\Database\BaseConnection->query('SELECT SUM(`amount_paid`) AS `amount_paid`
FROM `transactions`
WHERE `created_at` LIKE :created_at: ESCAPE \'!\'
 LIMIT 1', [...], false)
 2 SYSTEMPATH\Model.php(295): CodeIgniter\Database\BaseBuilder->get()
 3 SYSTEMPATH\BaseModel.php(714): CodeIgniter\Model->doFirst()
 4 APPPATH\Controllers\Dashboard.php(19): CodeIgniter\BaseModel->first()
 5 SYSTEMPATH\CodeIgniter.php(951): App\Controllers\Dashboard->index()
 6 SYSTEMPATH\CodeIgniter.php(497): CodeIgniter\CodeIgniter->runController(Object(App\Controllers\Dashboard))
 7 SYSTEMPATH\CodeIgniter.php(340): CodeIgniter\CodeIgniter->handleRequest(null, Object(Config\Cache), false)
 8 SYSTEMPATH\Boot.php(417): CodeIgniter\CodeIgniter->run()
 9 SYSTEMPATH\Boot.php(68): CodeIgniter\Boot::runCodeIgniter(Object(CodeIgniter\CodeIgniter))
10 FCPATH\index.php(59): CodeIgniter\Boot::bootWeb(Object(Config\Paths))
11 SYSTEMPATH\rewrite.php(44): require_once('C:\\xampp\\htdocs\\Midterm_activity_final\\public\\index.php')
CRITICAL - 2026-05-12 14:21:19 --> [Caused by] CodeIgniter\Database\Exceptions\DatabaseException: Table 'livys_sari_store.transactions' doesn't exist
in SYSTEMPATH\Database\MySQLi\Connection.php on line 310.
 1 SYSTEMPATH\Database\BaseConnection.php(910): CodeIgniter\Database\MySQLi\Connection->execute('SELECT SUM(`amount_paid`) AS `amount_paid`
FROM `transactions`
WHERE `created_at` LIKE \'2026-05-12%\' ESCAPE \'!\'
 LIMIT 1')
 2 SYSTEMPATH\Database\BaseConnection.php(827): CodeIgniter\Database\BaseConnection->simpleQuery('SELECT SUM(`amount_paid`) AS `amount_paid`
FROM `transactions`
WHERE `created_at` LIKE \'2026-05-12%\' ESCAPE \'!\'
 LIMIT 1')
 3 SYSTEMPATH\Database\BaseBuilder.php(1649): CodeIgniter\Database\BaseConnection->query('SELECT SUM(`amount_paid`) AS `amount_paid`
FROM `transactions`
WHERE `created_at` LIKE :created_at: ESCAPE \'!\'
 LIMIT 1', [...], false)
 4 SYSTEMPATH\Model.php(295): CodeIgniter\Database\BaseBuilder->get()
 5 SYSTEMPATH\BaseModel.php(714): CodeIgniter\Model->doFirst()
 6 APPPATH\Controllers\Dashboard.php(19): CodeIgniter\BaseModel->first()
 7 SYSTEMPATH\CodeIgniter.php(951): App\Controllers\Dashboard->index()
 8 SYSTEMPATH\CodeIgniter.php(497): CodeIgniter\CodeIgniter->runController(Object(App\Controllers\Dashboard))
 9 SYSTEMPATH\CodeIgniter.php(340): CodeIgniter\CodeIgniter->handleRequest(null, Object(Config\Cache), false)
10 SYSTEMPATH\Boot.php(417): CodeIgniter\CodeIgniter->run()
11 SYSTEMPATH\Boot.php(68): CodeIgniter\Boot::runCodeIgniter(Object(CodeIgniter\CodeIgniter))
12 FCPATH\index.php(59): CodeIgniter\Boot::bootWeb(Object(Config\Paths))
13 SYSTEMPATH\rewrite.php(44): require_once('C:\\xampp\\htdocs\\Midterm_activity_final\\public\\index.php')
CRITICAL - 2026-05-12 14:21:19 --> [Caused by] mysqli_sql_exception: Table 'livys_sari_store.transactions' doesn't exist
in SYSTEMPATH\Database\MySQLi\Connection.php on line 300.
 1 SYSTEMPATH\Database\MySQLi\Connection.php(300): mysqli->query('SELECT SUM(`amount_paid`) AS `amount_paid`
FROM `transactions`
WHERE `created_at` LIKE \'2026-05-12%\' ESCAPE \'!\'
 LIMIT 1', 0)
 2 SYSTEMPATH\Database\BaseConnection.php(910): CodeIgniter\Database\MySQLi\Connection->execute('SELECT SUM(`amount_paid`) AS `amount_paid`
FROM `transactions`
WHERE `created_at` LIKE \'2026-05-12%\' ESCAPE \'!\'
 LIMIT 1')
 3 SYSTEMPATH\Database\BaseConnection.php(827): CodeIgniter\Database\BaseConnection->simpleQuery('SELECT SUM(`amount_paid`) AS `amount_paid`
FROM `transactions`
WHERE `created_at` LIKE \'2026-05-12%\' ESCAPE \'!\'
 LIMIT 1')
 4 SYSTEMPATH\Database\BaseBuilder.php(1649): CodeIgniter\Database\BaseConnection->query('SELECT SUM(`amount_paid`) AS `amount_paid`
FROM `transactions`
WHERE `created_at` LIKE :created_at: ESCAPE \'!\'
 LIMIT 1', [...], false)
 5 SYSTEMPATH\Model.php(295): CodeIgniter\Database\BaseBuilder->get()
 6 SYSTEMPATH\BaseModel.php(714): CodeIgniter\Model->doFirst()
 7 APPPATH\Controllers\Dashboard.php(19): CodeIgniter\BaseModel->first()
 8 SYSTEMPATH\CodeIgniter.php(951): App\Controllers\Dashboard->index()
 9 SYSTEMPATH\CodeIgniter.php(497): CodeIgniter\CodeIgniter->runController(Object(App\Controllers\Dashboard))
10 SYSTEMPATH\CodeIgniter.php(340): CodeIgniter\CodeIgniter->handleRequest(null, Object(Config\Cache), false)
11 SYSTEMPATH\Boot.php(417): CodeIgniter\CodeIgniter->run()
12 SYSTEMPATH\Boot.php(68): CodeIgniter\Boot::runCodeIgniter(Object(CodeIgniter\CodeIgniter))
13 FCPATH\index.php(59): CodeIgniter\Boot::bootWeb(Object(Config\Paths))
14 SYSTEMPATH\rewrite.php(44): require_once('C:\\xampp\\htdocs\\Midterm_activity_final\\public\\index.php')
ERROR - 2026-05-12 14:22:48 --> Table 'categories' already exists
in SYSTEMPATH\Database\MySQLi\Connection.php on line 300.
 1 SYSTEMPATH\Database\MySQLi\Connection.php(300): mysqli->query('CREATE TABLE `categories` (
	`id` INT(5) UNSIGNED NOT NULL AUTO_INCREMENT,
	`name` VARCHAR(100) NOT NULL UNIQUE,
	created_at datetime default current_timestamp,
	updated_at datetime default current_timestamp on update current_timestamp,
	CONSTRAINT `pk_categories` PRIMARY KEY(`id`)
) DEFAULT CHARACTER SET = utf8mb4 COLLATE = utf8mb4_general_ci', 0)
 2 SYSTEMPATH\Database\BaseConnection.php(910): CodeIgniter\Database\MySQLi\Connection->execute('CREATE TABLE `categories` (
	`id` INT(5) UNSIGNED NOT NULL AUTO_INCREMENT,
	`name` VARCHAR(100) NOT NULL UNIQUE,
	created_at datetime default current_timestamp,
	updated_at datetime default current_timestamp on update current_timestamp,
	CONSTRAINT `pk_categories` PRIMARY KEY(`id`)
) DEFAULT CHARACTER SET = utf8mb4 COLLATE = utf8mb4_general_ci')
 3 SYSTEMPATH\Database\BaseConnection.php(827): CodeIgniter\Database\BaseConnection->simpleQuery('CREATE TABLE `categories` (
	`id` INT(5) UNSIGNED NOT NULL AUTO_INCREMENT,
	`name` VARCHAR(100) NOT NULL UNIQUE,
	created_at datetime default current_timestamp,
	updated_at datetime default current_timestamp on update current_timestamp,
	CONSTRAINT `pk_categories` PRIMARY KEY(`id`)
) DEFAULT CHARACTER SET = utf8mb4 COLLATE = utf8mb4_general_ci')
 4 SYSTEMPATH\Database\Forge.php(570): CodeIgniter\Database\BaseConnection->query('CREATE TABLE `categories` (
	`id` INT(5) UNSIGNED NOT NULL AUTO_INCREMENT,
	`name` VARCHAR(100) NOT NULL UNIQUE,
	created_at datetime default current_timestamp,
	updated_at datetime default current_timestamp on update current_timestamp,
	CONSTRAINT `pk_categories` PRIMARY KEY(`id`)
) DEFAULT CHARACTER SET = utf8mb4 COLLATE = utf8mb4_general_ci')
 5 APPPATH\Database\Migrations\2026-05-07-075151_AddCategoriesTable.php(27): CodeIgniter\Database\Forge->createTable('categories')
 6 SYSTEMPATH\Database\MigrationRunner.php(1014): App\Database\Migrations\AddCategoriesTable->up()
 7 SYSTEMPATH\Database\MigrationRunner.php(202): CodeIgniter\Database\MigrationRunner->migrate('up', Object(stdClass))
 8 SYSTEMPATH\Commands\Database\Migrate.php(89): CodeIgniter\Database\MigrationRunner->latest(null)
 9 SYSTEMPATH\CLI\SignalTrait.php(245): CodeIgniter\Commands\Database\Migrate::CodeIgniter\Commands\Database\{closure}()
10 SYSTEMPATH\Commands\Database\Migrate.php(88): CodeIgniter\Commands\Database\Migrate->withSignalsBlocked(Object(Closure))
11 SYSTEMPATH\CLI\Commands.php(74): CodeIgniter\Commands\Database\Migrate->run([])
12 SYSTEMPATH\CLI\Console.php(47): CodeIgniter\CLI\Commands->run('migrate', [])
13 SYSTEMPATH\Boot.php(442): CodeIgniter\CLI\Console->run()
14 SYSTEMPATH\Boot.php(166): CodeIgniter\Boot::runCommand(Object(CodeIgniter\CLI\Console))
15 ROOTPATH\spark(87): CodeIgniter\Boot::bootSpark(Object(Config\Paths))
DEBUG - 2026-05-12 14:23:57 --> Session: Class initialized using 'CodeIgniter\Session\Handlers\FileHandler' driver.
DEBUG - 2026-05-12 14:24:10 --> Session: Class initialized using 'CodeIgniter\Session\Handlers\FileHandler' driver.
DEBUG - 2026-05-12 14:24:10 --> Session: Class initialized using 'CodeIgniter\Session\Handlers\FileHandler' driver.
DEBUG - 2026-05-12 14:24:37 --> Session: Class initialized using 'CodeIgniter\Session\Handlers\FileHandler' driver.
DEBUG - 2026-05-12 14:27:48 --> Session: Class initialized using 'CodeIgniter\Session\Handlers\FileHandler' driver.
DEBUG - 2026-05-12 14:28:50 --> Session: Class initialized using 'CodeIgniter\Session\Handlers\FileHandler' driver.
DEBUG - 2026-05-12 14:28:57 --> Session: Class initialized using 'CodeIgniter\Session\Handlers\FileHandler' driver.
DEBUG - 2026-05-12 14:29:03 --> Session: Class initialized using 'CodeIgniter\Session\Handlers\FileHandler' driver.
DEBUG - 2026-05-12 14:29:20 --> Session: Class initialized using 'CodeIgniter\Session\Handlers\FileHandler' driver.
DEBUG - 2026-05-12 14:36:14 --> Session: Class initialized using 'CodeIgniter\Session\Handlers\FileHandler' driver.
DEBUG - 2026-05-12 14:36:15 --> Session: Class initialized using 'CodeIgniter\Session\Handlers\FileHandler' driver.
DEBUG - 2026-05-12 14:55:34 --> Session: Class initialized using 'CodeIgniter\Session\Handlers\FileHandler' driver.
DEBUG - 2026-05-12 14:55:35 --> Session: Class initialized using 'CodeIgniter\Session\Handlers\FileHandler' driver.
DEBUG - 2026-05-12 14:58:18 --> Session: Class initialized using 'CodeIgniter\Session\Handlers\FileHandler' driver.
DEBUG - 2026-05-12 14:58:18 --> Session: Class initialized using 'CodeIgniter\Session\Handlers\FileHandler' driver.
DEBUG - 2026-05-12 15:00:59 --> Session: Class initialized using 'CodeIgniter\Session\Handlers\FileHandler' driver.
DEBUG - 2026-05-12 15:00:59 --> Session: Class initialized using 'CodeIgniter\Session\Handlers\FileHandler' driver.
DEBUG - 2026-05-12 15:00:59 --> Session: Class initialized using 'CodeIgniter\Session\Handlers\FileHandler' driver.
DEBUG - 2026-05-12 15:06:35 --> Session: Class initialized using 'CodeIgniter\Session\Handlers\FileHandler' driver.
DEBUG - 2026-05-12 15:06:43 --> Session: Class initialized using 'CodeIgniter\Session\Handlers\FileHandler' driver.
DEBUG - 2026-05-12 15:10:25 --> Session: Class initialized using 'CodeIgniter\Session\Handlers\FileHandler' driver.
DEBUG - 2026-05-12 15:14:49 --> Session: Class initialized using 'CodeIgniter\Session\Handlers\FileHandler' driver.
DEBUG - 2026-05-12 15:14:53 --> Session: Class initialized using 'CodeIgniter\Session\Handlers\FileHandler' driver.
DEBUG - 2026-05-12 15:14:59 --> Session: Class initialized using 'CodeIgniter\Session\Handlers\FileHandler' driver.
DEBUG - 2026-05-12 15:15:01 --> Session: Class initialized using 'CodeIgniter\Session\Handlers\FileHandler' driver.
DEBUG - 2026-05-12 15:15:04 --> Session: Class initialized using 'CodeIgniter\Session\Handlers\FileHandler' driver.
DEBUG - 2026-05-12 15:15:17 --> Session: Class initialized using 'CodeIgniter\Session\Handlers\FileHandler' driver.
DEBUG - 2026-05-12 15:15:19 --> Session: Class initialized using 'CodeIgniter\Session\Handlers\FileHandler' driver.
DEBUG - 2026-05-12 15:19:21 --> Session: Class initialized using 'CodeIgniter\Session\Handlers\FileHandler' driver.
DEBUG - 2026-05-12 15:24:29 --> Session: Class initialized using 'CodeIgniter\Session\Handlers\FileHandler' driver.
DEBUG - 2026-05-12 15:24:59 --> Session: Class initialized using 'CodeIgniter\Session\Handlers\FileHandler' driver.
DEBUG - 2026-05-12 15:24:59 --> Session: Class initialized using 'CodeIgniter\Session\Handlers\FileHandler' driver.
DEBUG - 2026-05-12 15:25:14 --> Session: Class initialized using 'CodeIgniter\Session\Handlers\FileHandler' driver.
DEBUG - 2026-05-12 15:25:15 --> Session: Class initialized using 'CodeIgniter\Session\Handlers\FileHandler' driver.
DEBUG - 2026-05-12 15:27:33 --> Session: Class initialized using 'CodeIgniter\Session\Handlers\FileHandler' driver.
DEBUG - 2026-05-12 15:27:34 --> Session: Class initialized using 'CodeIgniter\Session\Handlers\FileHandler' driver.
DEBUG - 2026-05-12 15:27:37 --> Session: Class initialized using 'CodeIgniter\Session\Handlers\FileHandler' driver.
ERROR - 2026-05-12 15:30:14 --> You have an error in your SQL syntax; check the manual that corresponds to your MariaDB server version for the right syntax to use near 'ASC, '%Y-%m') ASC' at line 5
in SYSTEMPATH\Database\MySQLi\Connection.php on line 300.
 1 SYSTEMPATH\Database\MySQLi\Connection.php(300): mysqli->query('SELECT DATE_FORMAT(created_at, \'%Y-%m\') as month, SUM(amount_paid) as total
FROM `transactions`
WHERE `created_at` >= \'2025-11-12\'
GROUP BY DATE_FORMAT(created_at, \'%Y-%m\')
ORDER BY DATE_FORMAT(created_at ASC, \'%Y-%m\') ASC', 0)
 2 SYSTEMPATH\Database\BaseConnection.php(910): CodeIgniter\Database\MySQLi\Connection->execute('SELECT DATE_FORMAT(created_at, \'%Y-%m\') as month, SUM(amount_paid) as total
FROM `transactions`
WHERE `created_at` >= \'2025-11-12\'
GROUP BY DATE_FORMAT(created_at, \'%Y-%m\')
ORDER BY DATE_FORMAT(created_at ASC, \'%Y-%m\') ASC')
 3 SYSTEMPATH\Database\BaseConnection.php(827): CodeIgniter\Database\BaseConnection->simpleQuery('SELECT DATE_FORMAT(created_at, \'%Y-%m\') as month, SUM(amount_paid) as total
FROM `transactions`
WHERE `created_at` >= \'2025-11-12\'
GROUP BY DATE_FORMAT(created_at, \'%Y-%m\')
ORDER BY DATE_FORMAT(created_at ASC, \'%Y-%m\') ASC')
 4 SYSTEMPATH\Database\BaseBuilder.php(1649): CodeIgniter\Database\BaseConnection->query('SELECT DATE_FORMAT(created_at, \'%Y-%m\') as month, SUM(amount_paid) as total
FROM `transactions`
WHERE `created_at` >= :created_at:
GROUP BY DATE_FORMAT(created_at, \'%Y-%m\')
ORDER BY DATE_FORMAT(created_at ASC, \'%Y-%m\') ASC', [...], false)
 5 APPPATH\Controllers\Dashboard.php(53): CodeIgniter\Database\BaseBuilder->get()
 6 SYSTEMPATH\CodeIgniter.php(951): App\Controllers\Dashboard->index()
 7 SYSTEMPATH\CodeIgniter.php(497): CodeIgniter\CodeIgniter->runController(Object(App\Controllers\Dashboard))
 8 SYSTEMPATH\CodeIgniter.php(340): CodeIgniter\CodeIgniter->handleRequest(null, Object(Config\Cache), false)
 9 SYSTEMPATH\Boot.php(417): CodeIgniter\CodeIgniter->run()
10 SYSTEMPATH\Boot.php(68): CodeIgniter\Boot::runCodeIgniter(Object(CodeIgniter\CodeIgniter))
11 FCPATH\index.php(59): CodeIgniter\Boot::bootWeb(Object(Config\Paths))
12 SYSTEMPATH\rewrite.php(44): require_once('C:\\xampp\\htdocs\\Midterm_activity_final\\public\\index.php')
CRITICAL - 2026-05-12 15:30:14 --> CodeIgniter\Database\Exceptions\DatabaseException: You have an error in your SQL syntax; check the manual that corresponds to your MariaDB server version for the right syntax to use near 'ASC, '%Y-%m') ASC' at line 5
[Method: GET, Route: dashboard]
in SYSTEMPATH\Database\BaseConnection.php on line 865.
 1 SYSTEMPATH\Database\BaseBuilder.php(1649): CodeIgniter\Database\BaseConnection->query('SELECT DATE_FORMAT(created_at, \'%Y-%m\') as month, SUM(amount_paid) as total
FROM `transactions`
WHERE `created_at` >= :created_at:
GROUP BY DATE_FORMAT(created_at, \'%Y-%m\')
ORDER BY DATE_FORMAT(created_at ASC, \'%Y-%m\') ASC', [...], false)
 2 APPPATH\Controllers\Dashboard.php(53): CodeIgniter\Database\BaseBuilder->get()
 3 SYSTEMPATH\CodeIgniter.php(951): App\Controllers\Dashboard->index()
 4 SYSTEMPATH\CodeIgniter.php(497): CodeIgniter\CodeIgniter->runController(Object(App\Controllers\Dashboard))
 5 SYSTEMPATH\CodeIgniter.php(340): CodeIgniter\CodeIgniter->handleRequest(null, Object(Config\Cache), false)
 6 SYSTEMPATH\Boot.php(417): CodeIgniter\CodeIgniter->run()
 7 SYSTEMPATH\Boot.php(68): CodeIgniter\Boot::runCodeIgniter(Object(CodeIgniter\CodeIgniter))
 8 FCPATH\index.php(59): CodeIgniter\Boot::bootWeb(Object(Config\Paths))
 9 SYSTEMPATH\rewrite.php(44): require_once('C:\\xampp\\htdocs\\Midterm_activity_final\\public\\index.php')
CRITICAL - 2026-05-12 15:30:14 --> [Caused by] CodeIgniter\Database\Exceptions\DatabaseException: You have an error in your SQL syntax; check the manual that corresponds to your MariaDB server version for the right syntax to use near 'ASC, '%Y-%m') ASC' at line 5
in SYSTEMPATH\Database\MySQLi\Connection.php on line 310.
 1 SYSTEMPATH\Database\BaseConnection.php(910): CodeIgniter\Database\MySQLi\Connection->execute('SELECT DATE_FORMAT(created_at, \'%Y-%m\') as month, SUM(amount_paid) as total
FROM `transactions`
WHERE `created_at` >= \'2025-11-12\'
GROUP BY DATE_FORMAT(created_at, \'%Y-%m\')
ORDER BY DATE_FORMAT(created_at ASC, \'%Y-%m\') ASC')
 2 SYSTEMPATH\Database\BaseConnection.php(827): CodeIgniter\Database\BaseConnection->simpleQuery('SELECT DATE_FORMAT(created_at, \'%Y-%m\') as month, SUM(amount_paid) as total
FROM `transactions`
WHERE `created_at` >= \'2025-11-12\'
GROUP BY DATE_FORMAT(created_at, \'%Y-%m\')
ORDER BY DATE_FORMAT(created_at ASC, \'%Y-%m\') ASC')
 3 SYSTEMPATH\Database\BaseBuilder.php(1649): CodeIgniter\Database\BaseConnection->query('SELECT DATE_FORMAT(created_at, \'%Y-%m\') as month, SUM(amount_paid) as total
FROM `transactions`
WHERE `created_at` >= :created_at:
GROUP BY DATE_FORMAT(created_at, \'%Y-%m\')
ORDER BY DATE_FORMAT(created_at ASC, \'%Y-%m\') ASC', [...], false)
 4 APPPATH\Controllers\Dashboard.php(53): CodeIgniter\Database\BaseBuilder->get()
 5 SYSTEMPATH\CodeIgniter.php(951): App\Controllers\Dashboard->index()
 6 SYSTEMPATH\CodeIgniter.php(497): CodeIgniter\CodeIgniter->runController(Object(App\Controllers\Dashboard))
 7 SYSTEMPATH\CodeIgniter.php(340): CodeIgniter\CodeIgniter->handleRequest(null, Object(Config\Cache), false)
 8 SYSTEMPATH\Boot.php(417): CodeIgniter\CodeIgniter->run()
 9 SYSTEMPATH\Boot.php(68): CodeIgniter\Boot::runCodeIgniter(Object(CodeIgniter\CodeIgniter))
10 FCPATH\index.php(59): CodeIgniter\Boot::bootWeb(Object(Config\Paths))
11 SYSTEMPATH\rewrite.php(44): require_once('C:\\xampp\\htdocs\\Midterm_activity_final\\public\\index.php')
CRITICAL - 2026-05-12 15:30:14 --> [Caused by] mysqli_sql_exception: You have an error in your SQL syntax; check the manual that corresponds to your MariaDB server version for the right syntax to use near 'ASC, '%Y-%m') ASC' at line 5
in SYSTEMPATH\Database\MySQLi\Connection.php on line 300.
 1 SYSTEMPATH\Database\MySQLi\Connection.php(300): mysqli->query('SELECT DATE_FORMAT(created_at, \'%Y-%m\') as month, SUM(amount_paid) as total
FROM `transactions`
WHERE `created_at` >= \'2025-11-12\'
GROUP BY DATE_FORMAT(created_at, \'%Y-%m\')
ORDER BY DATE_FORMAT(created_at ASC, \'%Y-%m\') ASC', 0)
 2 SYSTEMPATH\Database\BaseConnection.php(910): CodeIgniter\Database\MySQLi\Connection->execute('SELECT DATE_FORMAT(created_at, \'%Y-%m\') as month, SUM(amount_paid) as total
FROM `transactions`
WHERE `created_at` >= \'2025-11-12\'
GROUP BY DATE_FORMAT(created_at, \'%Y-%m\')
ORDER BY DATE_FORMAT(created_at ASC, \'%Y-%m\') ASC')
 3 SYSTEMPATH\Database\BaseConnection.php(827): CodeIgniter\Database\BaseConnection->simpleQuery('SELECT DATE_FORMAT(created_at, \'%Y-%m\') as month, SUM(amount_paid) as total
FROM `transactions`
WHERE `created_at` >= \'2025-11-12\'
GROUP BY DATE_FORMAT(created_at, \'%Y-%m\')
ORDER BY DATE_FORMAT(created_at ASC, \'%Y-%m\') ASC')
 4 SYSTEMPATH\Database\BaseBuilder.php(1649): CodeIgniter\Database\BaseConnection->query('SELECT DATE_FORMAT(created_at, \'%Y-%m\') as month, SUM(amount_paid) as total
FROM `transactions`
WHERE `created_at` >= :created_at:
GROUP BY DATE_FORMAT(created_at, \'%Y-%m\')
ORDER BY DATE_FORMAT(created_at ASC, \'%Y-%m\') ASC', [...], false)
 5 APPPATH\Controllers\Dashboard.php(53): CodeIgniter\Database\BaseBuilder->get()
 6 SYSTEMPATH\CodeIgniter.php(951): App\Controllers\Dashboard->index()
 7 SYSTEMPATH\CodeIgniter.php(497): CodeIgniter\CodeIgniter->runController(Object(App\Controllers\Dashboard))
 8 SYSTEMPATH\CodeIgniter.php(340): CodeIgniter\CodeIgniter->handleRequest(null, Object(Config\Cache), false)
 9 SYSTEMPATH\Boot.php(417): CodeIgniter\CodeIgniter->run()
10 SYSTEMPATH\Boot.php(68): CodeIgniter\Boot::runCodeIgniter(Object(CodeIgniter\CodeIgniter))
11 FCPATH\index.php(59): CodeIgniter\Boot::bootWeb(Object(Config\Paths))
12 SYSTEMPATH\rewrite.php(44): require_once('C:\\xampp\\htdocs\\Midterm_activity_final\\public\\index.php')
DEBUG - 2026-05-12 15:36:29 --> Session: Class initialized using 'CodeIgniter\Session\Handlers\FileHandler' driver.
DEBUG - 2026-05-12 15:37:42 --> Session: Class initialized using 'CodeIgniter\Session\Handlers\FileHandler' driver.
DEBUG - 2026-05-12 15:39:51 --> Session: Class initialized using 'CodeIgniter\Session\Handlers\FileHandler' driver.
DEBUG - 2026-05-12 15:53:42 --> Session: Class initialized using 'CodeIgniter\Session\Handlers\FileHandler' driver.
DEBUG - 2026-05-12 15:53:49 --> Session: Class initialized using 'CodeIgniter\Session\Handlers\FileHandler' driver.
DEBUG - 2026-05-12 15:54:15 --> Session: Class initialized using 'CodeIgniter\Session\Handlers\FileHandler' driver.
DEBUG - 2026-05-12 15:54:16 --> Session: Class initialized using 'CodeIgniter\Session\Handlers\FileHandler' driver.
DEBUG - 2026-05-12 15:54:22 --> Session: Class initialized using 'CodeIgniter\Session\Handlers\FileHandler' driver.
DEBUG - 2026-05-12 15:54:44 --> Session: Class initialized using 'CodeIgniter\Session\Handlers\FileHandler' driver.
DEBUG - 2026-05-12 15:54:49 --> Session: Class initialized using 'CodeIgniter\Session\Handlers\FileHandler' driver.
DEBUG - 2026-05-12 15:54:52 --> Session: Class initialized using 'CodeIgniter\Session\Handlers\FileHandler' driver.
DEBUG - 2026-05-12 16:03:44 --> Session: Class initialized using 'CodeIgniter\Session\Handlers\FileHandler' driver.
ERROR - 2026-05-12 16:04:56 --> Unknown column 'due_date' in 'field list'
in SYSTEMPATH\Database\MySQLi\Connection.php on line 300.
 1 SYSTEMPATH\Database\MySQLi\Connection.php(300): mysqli->query('INSERT INTO `listahan` (`customer_name`, `items`, `amount`, `due_date`, `status`) VALUES (\'Josev Gajo\', \'stick coffee\', \'20\', \'2026-05-31\', \'unpaid\')', 0)
 2 SYSTEMPATH\Database\BaseConnection.php(910): CodeIgniter\Database\MySQLi\Connection->execute('INSERT INTO `listahan` (`customer_name`, `items`, `amount`, `due_date`, `status`) VALUES (\'Josev Gajo\', \'stick coffee\', \'20\', \'2026-05-31\', \'unpaid\')')
 3 SYSTEMPATH\Database\BaseConnection.php(827): CodeIgniter\Database\BaseConnection->simpleQuery('INSERT INTO `listahan` (`customer_name`, `items`, `amount`, `due_date`, `status`) VALUES (\'Josev Gajo\', \'stick coffee\', \'20\', \'2026-05-31\', \'unpaid\')')
 4 SYSTEMPATH\Database\BaseBuilder.php(2345): CodeIgniter\Database\BaseConnection->query('INSERT INTO `listahan` (`customer_name`, `items`, `amount`, `due_date`, `status`) VALUES (:customer_name:, :items:, :amount:, :due_date:, :status:)', [...], false)
 5 SYSTEMPATH\Model.php(355): CodeIgniter\Database\BaseBuilder->insert()
 6 SYSTEMPATH\BaseModel.php(899): CodeIgniter\Model->doInsert([...])
 7 SYSTEMPATH\Model.php(668): CodeIgniter\BaseModel->insert([...], false)
 8 SYSTEMPATH\BaseModel.php(752): CodeIgniter\Model->insert([...], false)
 9 APPPATH\Controllers\Listahan.php(27): CodeIgniter\BaseModel->save([...])
10 SYSTEMPATH\CodeIgniter.php(951): App\Controllers\Listahan->store()
11 SYSTEMPATH\CodeIgniter.php(497): CodeIgniter\CodeIgniter->runController(Object(App\Controllers\Listahan))
12 SYSTEMPATH\CodeIgniter.php(340): CodeIgniter\CodeIgniter->handleRequest(null, Object(Config\Cache), false)
13 SYSTEMPATH\Boot.php(417): CodeIgniter\CodeIgniter->run()
14 SYSTEMPATH\Boot.php(68): CodeIgniter\Boot::runCodeIgniter(Object(CodeIgniter\CodeIgniter))
15 FCPATH\index.php(59): CodeIgniter\Boot::bootWeb(Object(Config\Paths))
16 SYSTEMPATH\rewrite.php(44): require_once('C:\\xampp\\htdocs\\Midterm_activity_final\\public\\index.php')
CRITICAL - 2026-05-12 16:04:56 --> CodeIgniter\Database\Exceptions\DatabaseException: Unknown column 'due_date' in 'field list'
[Method: POST, Route: listahan/store]
in SYSTEMPATH\Database\BaseConnection.php on line 865.
 1 SYSTEMPATH\Database\BaseBuilder.php(2345): CodeIgniter\Database\BaseConnection->query('INSERT INTO `listahan` (`customer_name`, `items`, `amount`, `due_date`, `status`) VALUES (:customer_name:, :items:, :amount:, :due_date:, :status:)', [...], false)
 2 SYSTEMPATH\Model.php(355): CodeIgniter\Database\BaseBuilder->insert()
 3 SYSTEMPATH\BaseModel.php(899): CodeIgniter\Model->doInsert([...])
 4 SYSTEMPATH\Model.php(668): CodeIgniter\BaseModel->insert([...], false)
 5 SYSTEMPATH\BaseModel.php(752): CodeIgniter\Model->insert([...], false)
 6 APPPATH\Controllers\Listahan.php(27): CodeIgniter\BaseModel->save([...])
 7 SYSTEMPATH\CodeIgniter.php(951): App\Controllers\Listahan->store()
 8 SYSTEMPATH\CodeIgniter.php(497): CodeIgniter\CodeIgniter->runController(Object(App\Controllers\Listahan))
 9 SYSTEMPATH\CodeIgniter.php(340): CodeIgniter\CodeIgniter->handleRequest(null, Object(Config\Cache), false)
10 SYSTEMPATH\Boot.php(417): CodeIgniter\CodeIgniter->run()
11 SYSTEMPATH\Boot.php(68): CodeIgniter\Boot::runCodeIgniter(Object(CodeIgniter\CodeIgniter))
12 FCPATH\index.php(59): CodeIgniter\Boot::bootWeb(Object(Config\Paths))
13 SYSTEMPATH\rewrite.php(44): require_once('C:\\xampp\\htdocs\\Midterm_activity_final\\public\\index.php')
CRITICAL - 2026-05-12 16:04:56 --> [Caused by] CodeIgniter\Database\Exceptions\DatabaseException: Unknown column 'due_date' in 'field list'
in SYSTEMPATH\Database\MySQLi\Connection.php on line 310.
 1 SYSTEMPATH\Database\BaseConnection.php(910): CodeIgniter\Database\MySQLi\Connection->execute('INSERT INTO `listahan` (`customer_name`, `items`, `amount`, `due_date`, `status`) VALUES (\'Josev Gajo\', \'stick coffee\', \'20\', \'2026-05-31\', \'unpaid\')')
 2 SYSTEMPATH\Database\BaseConnection.php(827): CodeIgniter\Database\BaseConnection->simpleQuery('INSERT INTO `listahan` (`customer_name`, `items`, `amount`, `due_date`, `status`) VALUES (\'Josev Gajo\', \'stick coffee\', \'20\', \'2026-05-31\', \'unpaid\')')
 3 SYSTEMPATH\Database\BaseBuilder.php(2345): CodeIgniter\Database\BaseConnection->query('INSERT INTO `listahan` (`customer_name`, `items`, `amount`, `due_date`, `status`) VALUES (:customer_name:, :items:, :amount:, :due_date:, :status:)', [...], false)
 4 SYSTEMPATH\Model.php(355): CodeIgniter\Database\BaseBuilder->insert()
 5 SYSTEMPATH\BaseModel.php(899): CodeIgniter\Model->doInsert([...])
 6 SYSTEMPATH\Model.php(668): CodeIgniter\BaseModel->insert([...], false)
 7 SYSTEMPATH\BaseModel.php(752): CodeIgniter\Model->insert([...], false)
 8 APPPATH\Controllers\Listahan.php(27): CodeIgniter\BaseModel->save([...])
 9 SYSTEMPATH\CodeIgniter.php(951): App\Controllers\Listahan->store()
10 SYSTEMPATH\CodeIgniter.php(497): CodeIgniter\CodeIgniter->runController(Object(App\Controllers\Listahan))
11 SYSTEMPATH\CodeIgniter.php(340): CodeIgniter\CodeIgniter->handleRequest(null, Object(Config\Cache), false)
12 SYSTEMPATH\Boot.php(417): CodeIgniter\CodeIgniter->run()
13 SYSTEMPATH\Boot.php(68): CodeIgniter\Boot::runCodeIgniter(Object(CodeIgniter\CodeIgniter))
14 FCPATH\index.php(59): CodeIgniter\Boot::bootWeb(Object(Config\Paths))
15 SYSTEMPATH\rewrite.php(44): require_once('C:\\xampp\\htdocs\\Midterm_activity_final\\public\\index.php')
CRITICAL - 2026-05-12 16:04:56 --> [Caused by] mysqli_sql_exception: Unknown column 'due_date' in 'field list'
in SYSTEMPATH\Database\MySQLi\Connection.php on line 300.
 1 SYSTEMPATH\Database\MySQLi\Connection.php(300): mysqli->query('INSERT INTO `listahan` (`customer_name`, `items`, `amount`, `due_date`, `status`) VALUES (\'Josev Gajo\', \'stick coffee\', \'20\', \'2026-05-31\', \'unpaid\')', 0)
 2 SYSTEMPATH\Database\BaseConnection.php(910): CodeIgniter\Database\MySQLi\Connection->execute('INSERT INTO `listahan` (`customer_name`, `items`, `amount`, `due_date`, `status`) VALUES (\'Josev Gajo\', \'stick coffee\', \'20\', \'2026-05-31\', \'unpaid\')')
 3 SYSTEMPATH\Database\BaseConnection.php(827): CodeIgniter\Database\BaseConnection->simpleQuery('INSERT INTO `listahan` (`customer_name`, `items`, `amount`, `due_date`, `status`) VALUES (\'Josev Gajo\', \'stick coffee\', \'20\', \'2026-05-31\', \'unpaid\')')
 4 SYSTEMPATH\Database\BaseBuilder.php(2345): CodeIgniter\Database\BaseConnection->query('INSERT INTO `listahan` (`customer_name`, `items`, `amount`, `due_date`, `status`) VALUES (:customer_name:, :items:, :amount:, :due_date:, :status:)', [...], false)
 5 SYSTEMPATH\Model.php(355): CodeIgniter\Database\BaseBuilder->insert()
 6 SYSTEMPATH\BaseModel.php(899): CodeIgniter\Model->doInsert([...])
 7 SYSTEMPATH\Model.php(668): CodeIgniter\BaseModel->insert([...], false)
 8 SYSTEMPATH\BaseModel.php(752): CodeIgniter\Model->insert([...], false)
 9 APPPATH\Controllers\Listahan.php(27): CodeIgniter\BaseModel->save([...])
10 SYSTEMPATH\CodeIgniter.php(951): App\Controllers\Listahan->store()
11 SYSTEMPATH\CodeIgniter.php(497): CodeIgniter\CodeIgniter->runController(Object(App\Controllers\Listahan))
12 SYSTEMPATH\CodeIgniter.php(340): CodeIgniter\CodeIgniter->handleRequest(null, Object(Config\Cache), false)
13 SYSTEMPATH\Boot.php(417): CodeIgniter\CodeIgniter->run()
14 SYSTEMPATH\Boot.php(68): CodeIgniter\Boot::runCodeIgniter(Object(CodeIgniter\CodeIgniter))
15 FCPATH\index.php(59): CodeIgniter\Boot::bootWeb(Object(Config\Paths))
16 SYSTEMPATH\rewrite.php(44): require_once('C:\\xampp\\htdocs\\Midterm_activity_final\\public\\index.php')
ERROR - 2026-05-12 16:07:27 --> Unknown column 'due_date' in 'field list'
in SYSTEMPATH\Database\MySQLi\Connection.php on line 300.
 1 SYSTEMPATH\Database\MySQLi\Connection.php(300): mysqli->query('INSERT INTO `listahan` (`customer_name`, `items`, `amount`, `due_date`, `status`) VALUES (\'Josev Gajo\', \'stick coffee\', \'20\', \'2026-05-31\', \'unpaid\')', 0)
 2 SYSTEMPATH\Database\BaseConnection.php(910): CodeIgniter\Database\MySQLi\Connection->execute('INSERT INTO `listahan` (`customer_name`, `items`, `amount`, `due_date`, `status`) VALUES (\'Josev Gajo\', \'stick coffee\', \'20\', \'2026-05-31\', \'unpaid\')')
 3 SYSTEMPATH\Database\BaseConnection.php(827): CodeIgniter\Database\BaseConnection->simpleQuery('INSERT INTO `listahan` (`customer_name`, `items`, `amount`, `due_date`, `status`) VALUES (\'Josev Gajo\', \'stick coffee\', \'20\', \'2026-05-31\', \'unpaid\')')
 4 SYSTEMPATH\Database\BaseBuilder.php(2345): CodeIgniter\Database\BaseConnection->query('INSERT INTO `listahan` (`customer_name`, `items`, `amount`, `due_date`, `status`) VALUES (:customer_name:, :items:, :amount:, :due_date:, :status:)', [...], false)
 5 SYSTEMPATH\Model.php(355): CodeIgniter\Database\BaseBuilder->insert()
 6 SYSTEMPATH\BaseModel.php(899): CodeIgniter\Model->doInsert([...])
 7 SYSTEMPATH\Model.php(668): CodeIgniter\BaseModel->insert([...], false)
 8 SYSTEMPATH\BaseModel.php(752): CodeIgniter\Model->insert([...], false)
 9 APPPATH\Controllers\Listahan.php(40): CodeIgniter\BaseModel->save([...])
10 SYSTEMPATH\CodeIgniter.php(951): App\Controllers\Listahan->store()
11 SYSTEMPATH\CodeIgniter.php(497): CodeIgniter\CodeIgniter->runController(Object(App\Controllers\Listahan))
12 SYSTEMPATH\CodeIgniter.php(340): CodeIgniter\CodeIgniter->handleRequest(null, Object(Config\Cache), false)
13 SYSTEMPATH\Boot.php(417): CodeIgniter\CodeIgniter->run()
14 SYSTEMPATH\Boot.php(68): CodeIgniter\Boot::runCodeIgniter(Object(CodeIgniter\CodeIgniter))
15 FCPATH\index.php(59): CodeIgniter\Boot::bootWeb(Object(Config\Paths))
16 SYSTEMPATH\rewrite.php(44): require_once('C:\\xampp\\htdocs\\Midterm_activity_final\\public\\index.php')
CRITICAL - 2026-05-12 16:07:27 --> CodeIgniter\Database\Exceptions\DatabaseException: Unknown column 'due_date' in 'field list'
[Method: POST, Route: listahan/store]
in SYSTEMPATH\Database\BaseConnection.php on line 865.
 1 SYSTEMPATH\Database\BaseBuilder.php(2345): CodeIgniter\Database\BaseConnection->query('INSERT INTO `listahan` (`customer_name`, `items`, `amount`, `due_date`, `status`) VALUES (:customer_name:, :items:, :amount:, :due_date:, :status:)', [...], false)
 2 SYSTEMPATH\Model.php(355): CodeIgniter\Database\BaseBuilder->insert()
 3 SYSTEMPATH\BaseModel.php(899): CodeIgniter\Model->doInsert([...])
 4 SYSTEMPATH\Model.php(668): CodeIgniter\BaseModel->insert([...], false)
 5 SYSTEMPATH\BaseModel.php(752): CodeIgniter\Model->insert([...], false)
 6 APPPATH\Controllers\Listahan.php(40): CodeIgniter\BaseModel->save([...])
 7 SYSTEMPATH\CodeIgniter.php(951): App\Controllers\Listahan->store()
 8 SYSTEMPATH\CodeIgniter.php(497): CodeIgniter\CodeIgniter->runController(Object(App\Controllers\Listahan))
 9 SYSTEMPATH\CodeIgniter.php(340): CodeIgniter\CodeIgniter->handleRequest(null, Object(Config\Cache), false)
10 SYSTEMPATH\Boot.php(417): CodeIgniter\CodeIgniter->run()
11 SYSTEMPATH\Boot.php(68): CodeIgniter\Boot::runCodeIgniter(Object(CodeIgniter\CodeIgniter))
12 FCPATH\index.php(59): CodeIgniter\Boot::bootWeb(Object(Config\Paths))
13 SYSTEMPATH\rewrite.php(44): require_once('C:\\xampp\\htdocs\\Midterm_activity_final\\public\\index.php')
CRITICAL - 2026-05-12 16:07:27 --> [Caused by] CodeIgniter\Database\Exceptions\DatabaseException: Unknown column 'due_date' in 'field list'
in SYSTEMPATH\Database\MySQLi\Connection.php on line 310.
 1 SYSTEMPATH\Database\BaseConnection.php(910): CodeIgniter\Database\MySQLi\Connection->execute('INSERT INTO `listahan` (`customer_name`, `items`, `amount`, `due_date`, `status`) VALUES (\'Josev Gajo\', \'stick coffee\', \'20\', \'2026-05-31\', \'unpaid\')')
 2 SYSTEMPATH\Database\BaseConnection.php(827): CodeIgniter\Database\BaseConnection->simpleQuery('INSERT INTO `listahan` (`customer_name`, `items`, `amount`, `due_date`, `status`) VALUES (\'Josev Gajo\', \'stick coffee\', \'20\', \'2026-05-31\', \'unpaid\')')
 3 SYSTEMPATH\Database\BaseBuilder.php(2345): CodeIgniter\Database\BaseConnection->query('INSERT INTO `listahan` (`customer_name`, `items`, `amount`, `due_date`, `status`) VALUES (:customer_name:, :items:, :amount:, :due_date:, :status:)', [...], false)
 4 SYSTEMPATH\Model.php(355): CodeIgniter\Database\BaseBuilder->insert()
 5 SYSTEMPATH\BaseModel.php(899): CodeIgniter\Model->doInsert([...])
 6 SYSTEMPATH\Model.php(668): CodeIgniter\BaseModel->insert([...], false)
 7 SYSTEMPATH\BaseModel.php(752): CodeIgniter\Model->insert([...], false)
 8 APPPATH\Controllers\Listahan.php(40): CodeIgniter\BaseModel->save([...])
 9 SYSTEMPATH\CodeIgniter.php(951): App\Controllers\Listahan->store()
10 SYSTEMPATH\CodeIgniter.php(497): CodeIgniter\CodeIgniter->runController(Object(App\Controllers\Listahan))
11 SYSTEMPATH\CodeIgniter.php(340): CodeIgniter\CodeIgniter->handleRequest(null, Object(Config\Cache), false)
12 SYSTEMPATH\Boot.php(417): CodeIgniter\CodeIgniter->run()
13 SYSTEMPATH\Boot.php(68): CodeIgniter\Boot::runCodeIgniter(Object(CodeIgniter\CodeIgniter))
14 FCPATH\index.php(59): CodeIgniter\Boot::bootWeb(Object(Config\Paths))
15 SYSTEMPATH\rewrite.php(44): require_once('C:\\xampp\\htdocs\\Midterm_activity_final\\public\\index.php')
CRITICAL - 2026-05-12 16:07:27 --> [Caused by] mysqli_sql_exception: Unknown column 'due_date' in 'field list'
in SYSTEMPATH\Database\MySQLi\Connection.php on line 300.
 1 SYSTEMPATH\Database\MySQLi\Connection.php(300): mysqli->query('INSERT INTO `listahan` (`customer_name`, `items`, `amount`, `due_date`, `status`) VALUES (\'Josev Gajo\', \'stick coffee\', \'20\', \'2026-05-31\', \'unpaid\')', 0)
 2 SYSTEMPATH\Database\BaseConnection.php(910): CodeIgniter\Database\MySQLi\Connection->execute('INSERT INTO `listahan` (`customer_name`, `items`, `amount`, `due_date`, `status`) VALUES (\'Josev Gajo\', \'stick coffee\', \'20\', \'2026-05-31\', \'unpaid\')')
 3 SYSTEMPATH\Database\BaseConnection.php(827): CodeIgniter\Database\BaseConnection->simpleQuery('INSERT INTO `listahan` (`customer_name`, `items`, `amount`, `due_date`, `status`) VALUES (\'Josev Gajo\', \'stick coffee\', \'20\', \'2026-05-31\', \'unpaid\')')
 4 SYSTEMPATH\Database\BaseBuilder.php(2345): CodeIgniter\Database\BaseConnection->query('INSERT INTO `listahan` (`customer_name`, `items`, `amount`, `due_date`, `status`) VALUES (:customer_name:, :items:, :amount:, :due_date:, :status:)', [...], false)
 5 SYSTEMPATH\Model.php(355): CodeIgniter\Database\BaseBuilder->insert()
 6 SYSTEMPATH\BaseModel.php(899): CodeIgniter\Model->doInsert([...])
 7 SYSTEMPATH\Model.php(668): CodeIgniter\BaseModel->insert([...], false)
 8 SYSTEMPATH\BaseModel.php(752): CodeIgniter\Model->insert([...], false)
 9 APPPATH\Controllers\Listahan.php(40): CodeIgniter\BaseModel->save([...])
10 SYSTEMPATH\CodeIgniter.php(951): App\Controllers\Listahan->store()
11 SYSTEMPATH\CodeIgniter.php(497): CodeIgniter\CodeIgniter->runController(Object(App\Controllers\Listahan))
12 SYSTEMPATH\CodeIgniter.php(340): CodeIgniter\CodeIgniter->handleRequest(null, Object(Config\Cache), false)
13 SYSTEMPATH\Boot.php(417): CodeIgniter\CodeIgniter->run()
14 SYSTEMPATH\Boot.php(68): CodeIgniter\Boot::runCodeIgniter(Object(CodeIgniter\CodeIgniter))
15 FCPATH\index.php(59): CodeIgniter\Boot::bootWeb(Object(Config\Paths))
16 SYSTEMPATH\rewrite.php(44): require_once('C:\\xampp\\htdocs\\Midterm_activity_final\\public\\index.php')
ERROR - 2026-05-12 16:07:32 --> Unknown column 'due_date' in 'field list'
in SYSTEMPATH\Database\MySQLi\Connection.php on line 300.
 1 SYSTEMPATH\Database\MySQLi\Connection.php(300): mysqli->query('INSERT INTO `listahan` (`customer_name`, `items`, `amount`, `due_date`, `status`) VALUES (\'Josev Gajo\', \'stick coffee\', \'20\', \'2026-05-31\', \'unpaid\')', 0)
 2 SYSTEMPATH\Database\BaseConnection.php(910): CodeIgniter\Database\MySQLi\Connection->execute('INSERT INTO `listahan` (`customer_name`, `items`, `amount`, `due_date`, `status`) VALUES (\'Josev Gajo\', \'stick coffee\', \'20\', \'2026-05-31\', \'unpaid\')')
 3 SYSTEMPATH\Database\BaseConnection.php(827): CodeIgniter\Database\BaseConnection->simpleQuery('INSERT INTO `listahan` (`customer_name`, `items`, `amount`, `due_date`, `status`) VALUES (\'Josev Gajo\', \'stick coffee\', \'20\', \'2026-05-31\', \'unpaid\')')
 4 SYSTEMPATH\Database\BaseBuilder.php(2345): CodeIgniter\Database\BaseConnection->query('INSERT INTO `listahan` (`customer_name`, `items`, `amount`, `due_date`, `status`) VALUES (:customer_name:, :items:, :amount:, :due_date:, :status:)', [...], false)
 5 SYSTEMPATH\Model.php(355): CodeIgniter\Database\BaseBuilder->insert()
 6 SYSTEMPATH\BaseModel.php(899): CodeIgniter\Model->doInsert([...])
 7 SYSTEMPATH\Model.php(668): CodeIgniter\BaseModel->insert([...], false)
 8 SYSTEMPATH\BaseModel.php(752): CodeIgniter\Model->insert([...], false)
 9 APPPATH\Controllers\Listahan.php(40): CodeIgniter\BaseModel->save([...])
10 SYSTEMPATH\CodeIgniter.php(951): App\Controllers\Listahan->store()
11 SYSTEMPATH\CodeIgniter.php(497): CodeIgniter\CodeIgniter->runController(Object(App\Controllers\Listahan))
12 SYSTEMPATH\CodeIgniter.php(340): CodeIgniter\CodeIgniter->handleRequest(null, Object(Config\Cache), false)
13 SYSTEMPATH\Boot.php(417): CodeIgniter\CodeIgniter->run()
14 SYSTEMPATH\Boot.php(68): CodeIgniter\Boot::runCodeIgniter(Object(CodeIgniter\CodeIgniter))
15 FCPATH\index.php(59): CodeIgniter\Boot::bootWeb(Object(Config\Paths))
16 SYSTEMPATH\rewrite.php(44): require_once('C:\\xampp\\htdocs\\Midterm_activity_final\\public\\index.php')
CRITICAL - 2026-05-12 16:07:32 --> CodeIgniter\Database\Exceptions\DatabaseException: Unknown column 'due_date' in 'field list'
[Method: POST, Route: listahan/store]
in SYSTEMPATH\Database\BaseConnection.php on line 865.
 1 SYSTEMPATH\Database\BaseBuilder.php(2345): CodeIgniter\Database\BaseConnection->query('INSERT INTO `listahan` (`customer_name`, `items`, `amount`, `due_date`, `status`) VALUES (:customer_name:, :items:, :amount:, :due_date:, :status:)', [...], false)
 2 SYSTEMPATH\Model.php(355): CodeIgniter\Database\BaseBuilder->insert()
 3 SYSTEMPATH\BaseModel.php(899): CodeIgniter\Model->doInsert([...])
 4 SYSTEMPATH\Model.php(668): CodeIgniter\BaseModel->insert([...], false)
 5 SYSTEMPATH\BaseModel.php(752): CodeIgniter\Model->insert([...], false)
 6 APPPATH\Controllers\Listahan.php(40): CodeIgniter\BaseModel->save([...])
 7 SYSTEMPATH\CodeIgniter.php(951): App\Controllers\Listahan->store()
 8 SYSTEMPATH\CodeIgniter.php(497): CodeIgniter\CodeIgniter->runController(Object(App\Controllers\Listahan))
 9 SYSTEMPATH\CodeIgniter.php(340): CodeIgniter\CodeIgniter->handleRequest(null, Object(Config\Cache), false)
10 SYSTEMPATH\Boot.php(417): CodeIgniter\CodeIgniter->run()
11 SYSTEMPATH\Boot.php(68): CodeIgniter\Boot::runCodeIgniter(Object(CodeIgniter\CodeIgniter))
12 FCPATH\index.php(59): CodeIgniter\Boot::bootWeb(Object(Config\Paths))
13 SYSTEMPATH\rewrite.php(44): require_once('C:\\xampp\\htdocs\\Midterm_activity_final\\public\\index.php')
CRITICAL - 2026-05-12 16:07:32 --> [Caused by] CodeIgniter\Database\Exceptions\DatabaseException: Unknown column 'due_date' in 'field list'
in SYSTEMPATH\Database\MySQLi\Connection.php on line 310.
 1 SYSTEMPATH\Database\BaseConnection.php(910): CodeIgniter\Database\MySQLi\Connection->execute('INSERT INTO `listahan` (`customer_name`, `items`, `amount`, `due_date`, `status`) VALUES (\'Josev Gajo\', \'stick coffee\', \'20\', \'2026-05-31\', \'unpaid\')')
 2 SYSTEMPATH\Database\BaseConnection.php(827): CodeIgniter\Database\BaseConnection->simpleQuery('INSERT INTO `listahan` (`customer_name`, `items`, `amount`, `due_date`, `status`) VALUES (\'Josev Gajo\', \'stick coffee\', \'20\', \'2026-05-31\', \'unpaid\')')
 3 SYSTEMPATH\Database\BaseBuilder.php(2345): CodeIgniter\Database\BaseConnection->query('INSERT INTO `listahan` (`customer_name`, `items`, `amount`, `due_date`, `status`) VALUES (:customer_name:, :items:, :amount:, :due_date:, :status:)', [...], false)
 4 SYSTEMPATH\Model.php(355): CodeIgniter\Database\BaseBuilder->insert()
 5 SYSTEMPATH\BaseModel.php(899): CodeIgniter\Model->doInsert([...])
 6 SYSTEMPATH\Model.php(668): CodeIgniter\BaseModel->insert([...], false)
 7 SYSTEMPATH\BaseModel.php(752): CodeIgniter\Model->insert([...], false)
 8 APPPATH\Controllers\Listahan.php(40): CodeIgniter\BaseModel->save([...])
 9 SYSTEMPATH\CodeIgniter.php(951): App\Controllers\Listahan->store()
10 SYSTEMPATH\CodeIgniter.php(497): CodeIgniter\CodeIgniter->runController(Object(App\Controllers\Listahan))
11 SYSTEMPATH\CodeIgniter.php(340): CodeIgniter\CodeIgniter->handleRequest(null, Object(Config\Cache), false)
12 SYSTEMPATH\Boot.php(417): CodeIgniter\CodeIgniter->run()
13 SYSTEMPATH\Boot.php(68): CodeIgniter\Boot::runCodeIgniter(Object(CodeIgniter\CodeIgniter))
14 FCPATH\index.php(59): CodeIgniter\Boot::bootWeb(Object(Config\Paths))
15 SYSTEMPATH\rewrite.php(44): require_once('C:\\xampp\\htdocs\\Midterm_activity_final\\public\\index.php')
CRITICAL - 2026-05-12 16:07:32 --> [Caused by] mysqli_sql_exception: Unknown column 'due_date' in 'field list'
in SYSTEMPATH\Database\MySQLi\Connection.php on line 300.
 1 SYSTEMPATH\Database\MySQLi\Connection.php(300): mysqli->query('INSERT INTO `listahan` (`customer_name`, `items`, `amount`, `due_date`, `status`) VALUES (\'Josev Gajo\', \'stick coffee\', \'20\', \'2026-05-31\', \'unpaid\')', 0)
 2 SYSTEMPATH\Database\BaseConnection.php(910): CodeIgniter\Database\MySQLi\Connection->execute('INSERT INTO `listahan` (`customer_name`, `items`, `amount`, `due_date`, `status`) VALUES (\'Josev Gajo\', \'stick coffee\', \'20\', \'2026-05-31\', \'unpaid\')')
 3 SYSTEMPATH\Database\BaseConnection.php(827): CodeIgniter\Database\BaseConnection->simpleQuery('INSERT INTO `listahan` (`customer_name`, `items`, `amount`, `due_date`, `status`) VALUES (\'Josev Gajo\', \'stick coffee\', \'20\', \'2026-05-31\', \'unpaid\')')
 4 SYSTEMPATH\Database\BaseBuilder.php(2345): CodeIgniter\Database\BaseConnection->query('INSERT INTO `listahan` (`customer_name`, `items`, `amount`, `due_date`, `status`) VALUES (:customer_name:, :items:, :amount:, :due_date:, :status:)', [...], false)
 5 SYSTEMPATH\Model.php(355): CodeIgniter\Database\BaseBuilder->insert()
 6 SYSTEMPATH\BaseModel.php(899): CodeIgniter\Model->doInsert([...])
 7 SYSTEMPATH\Model.php(668): CodeIgniter\BaseModel->insert([...], false)
 8 SYSTEMPATH\BaseModel.php(752): CodeIgniter\Model->insert([...], false)
 9 APPPATH\Controllers\Listahan.php(40): CodeIgniter\BaseModel->save([...])
10 SYSTEMPATH\CodeIgniter.php(951): App\Controllers\Listahan->store()
11 SYSTEMPATH\CodeIgniter.php(497): CodeIgniter\CodeIgniter->runController(Object(App\Controllers\Listahan))
12 SYSTEMPATH\CodeIgniter.php(340): CodeIgniter\CodeIgniter->handleRequest(null, Object(Config\Cache), false)
13 SYSTEMPATH\Boot.php(417): CodeIgniter\CodeIgniter->run()
14 SYSTEMPATH\Boot.php(68): CodeIgniter\Boot::runCodeIgniter(Object(CodeIgniter\CodeIgniter))
15 FCPATH\index.php(59): CodeIgniter\Boot::bootWeb(Object(Config\Paths))
16 SYSTEMPATH\rewrite.php(44): require_once('C:\\xampp\\htdocs\\Midterm_activity_final\\public\\index.php')
DEBUG - 2026-05-12 16:07:34 --> Session: Class initialized using 'CodeIgniter\Session\Handlers\FileHandler' driver.
DEBUG - 2026-05-12 16:07:37 --> Session: Class initialized using 'CodeIgniter\Session\Handlers\FileHandler' driver.
DEBUG - 2026-05-12 16:07:40 --> Session: Class initialized using 'CodeIgniter\Session\Handlers\FileHandler' driver.
DEBUG - 2026-05-12 16:07:41 --> Session: Class initialized using 'CodeIgniter\Session\Handlers\FileHandler' driver.
DEBUG - 2026-05-12 16:08:05 --> Session: Class initialized using 'CodeIgniter\Session\Handlers\FileHandler' driver.
DEBUG - 2026-05-12 16:08:07 --> Session: Class initialized using 'CodeIgniter\Session\Handlers\FileHandler' driver.
DEBUG - 2026-05-12 16:31:42 --> Session: Class initialized using 'CodeIgniter\Session\Handlers\FileHandler' driver.
DEBUG - 2026-05-12 16:31:49 --> Session: Class initialized using 'CodeIgniter\Session\Handlers\FileHandler' driver.
DEBUG - 2026-05-12 16:32:37 --> Session: Class initialized using 'CodeIgniter\Session\Handlers\FileHandler' driver.
DEBUG - 2026-05-12 16:32:37 --> Session: Class initialized using 'CodeIgniter\Session\Handlers\FileHandler' driver.
ERROR - 2026-05-12 16:32:59 --> Email: sendWithMail threw ErrorException: mail(): Failed to connect to mailserver at &quot;localhost&quot; port 25, verify your &quot;SMTP&quot; and &quot;smtp_port&quot; setting in php.ini or use ini_set() in C:\xampp\htdocs\Midterm_activity_final\system\Email\Email.php:1776
Stack trace:
#0 [internal function]: CodeIgniter\Debug\Exceptions->errorHandler(2, 'mail(): Failed ...', 'C:\\xampp\\htdocs...', 1776)
#1 C:\xampp\htdocs\Midterm_activity_final\system\Email\Email.php(1776): mail('javyenkim@gmail...', '=?UTF-8?Q?Payme...', '\r\n            <...', 'Date: Tue, 12 M...', '-f noreply@nana...')
#2 C:\xampp\htdocs\Midterm_activity_final\system\Email\Email.php(1708): CodeIgniter\Email\Email->sendWithMail()
#3 C:\xampp\htdocs\Midterm_activity_final\system\Email\Email.php(1602): CodeIgniter\Email\Email->spoolEmail()
#4 C:\xampp\htdocs\Midterm_activity_final\app\Controllers\Listahan.php(126): CodeIgniter\Email\Email->send(false)
#5 C:\xampp\htdocs\Midterm_activity_final\system\CodeIgniter.php(951): App\Controllers\Listahan->sendNotice()
#6 C:\xampp\htdocs\Midterm_activity_final\system\CodeIgniter.php(497): CodeIgniter\CodeIgniter->runController(Object(App\Controllers\Listahan))
#7 C:\xampp\htdocs\Midterm_activity_final\system\CodeIgniter.php(340): CodeIgniter\CodeIgniter->handleRequest(NULL, Object(Config\Cache), false)
#8 C:\xampp\htdocs\Midterm_activity_final\system\Boot.php(417): CodeIgniter\CodeIgniter->run()
#9 C:\xampp\htdocs\Midterm_activity_final\system\Boot.php(68): CodeIgniter\Boot::runCodeIgniter(Object(CodeIgniter\CodeIgniter))
#10 C:\xampp\htdocs\Midterm_activity_final\public\index.php(59): CodeIgniter\Boot::bootWeb(Object(Config\Paths))
#11 C:\xampp\htdocs\Midterm_activity_final\system\rewrite.php(44): require_once('C:\\xampp\\htdocs...')
#12 {main}
ERROR - 2026-05-12 16:32:59 --> Email: Unable to send email using PHP mail(). Your server might not be configured to send mail using this method.
ERROR - 2026-05-12 16:32:59 --> 
ERROR - 2026-05-12 16:34:06 --> Email: sendWithMail threw ErrorException: mail(): Failed to connect to mailserver at &quot;localhost&quot; port 25, verify your &quot;SMTP&quot; and &quot;smtp_port&quot; setting in php.ini or use ini_set() in C:\xampp\htdocs\Midterm_activity_final\system\Email\Email.php:1776
Stack trace:
#0 [internal function]: CodeIgniter\Debug\Exceptions->errorHandler(2, 'mail(): Failed ...', 'C:\\xampp\\htdocs...', 1776)
#1 C:\xampp\htdocs\Midterm_activity_final\system\Email\Email.php(1776): mail('javyenkim@gmail...', '=?UTF-8?Q?Payme...', '\r\n            <...', 'Date: Tue, 12 M...', '-f noreply@nana...')
#2 C:\xampp\htdocs\Midterm_activity_final\system\Email\Email.php(1708): CodeIgniter\Email\Email->sendWithMail()
#3 C:\xampp\htdocs\Midterm_activity_final\system\Email\Email.php(1602): CodeIgniter\Email\Email->spoolEmail()
#4 C:\xampp\htdocs\Midterm_activity_final\app\Controllers\Listahan.php(126): CodeIgniter\Email\Email->send(false)
#5 C:\xampp\htdocs\Midterm_activity_final\system\CodeIgniter.php(951): App\Controllers\Listahan->sendNotice()
#6 C:\xampp\htdocs\Midterm_activity_final\system\CodeIgniter.php(497): CodeIgniter\CodeIgniter->runController(Object(App\Controllers\Listahan))
#7 C:\xampp\htdocs\Midterm_activity_final\system\CodeIgniter.php(340): CodeIgniter\CodeIgniter->handleRequest(NULL, Object(Config\Cache), false)
#8 C:\xampp\htdocs\Midterm_activity_final\system\Boot.php(417): CodeIgniter\CodeIgniter->run()
#9 C:\xampp\htdocs\Midterm_activity_final\system\Boot.php(68): CodeIgniter\Boot::runCodeIgniter(Object(CodeIgniter\CodeIgniter))
#10 C:\xampp\htdocs\Midterm_activity_final\public\index.php(59): CodeIgniter\Boot::bootWeb(Object(Config\Paths))
#11 C:\xampp\htdocs\Midterm_activity_final\system\rewrite.php(44): require_once('C:\\xampp\\htdocs...')
#12 {main}
ERROR - 2026-05-12 16:34:06 --> Email: Unable to send email using PHP mail(). Your server might not be configured to send mail using this method.
ERROR - 2026-05-12 16:34:06 --> 
DEBUG - 2026-05-12 16:37:24 --> Session: Class initialized using 'CodeIgniter\Session\Handlers\FileHandler' driver.
DEBUG - 2026-05-12 16:39:48 --> Session: Class initialized using 'CodeIgniter\Session\Handlers\FileHandler' driver.
DEBUG - 2026-05-12 16:39:48 --> Session: Class initialized using 'CodeIgniter\Session\Handlers\FileHandler' driver.
DEBUG - 2026-05-12 16:40:50 --> Session: Class initialized using 'CodeIgniter\Session\Handlers\FileHandler' driver.
DEBUG - 2026-05-12 16:40:50 --> Session: Class initialized using 'CodeIgniter\Session\Handlers\FileHandler' driver.
ERROR - 2026-05-12 16:41:07 --> Email: sendWithMail threw ErrorException: mail(): Failed to connect to mailserver at &quot;localhost&quot; port 25, verify your &quot;SMTP&quot; and &quot;smtp_port&quot; setting in php.ini or use ini_set() in C:\xampp\htdocs\Midterm_activity_final\system\Email\Email.php:1776
Stack trace:
#0 [internal function]: CodeIgniter\Debug\Exceptions->errorHandler(2, 'mail(): Failed ...', 'C:\\xampp\\htdocs...', 1776)
#1 C:\xampp\htdocs\Midterm_activity_final\system\Email\Email.php(1776): mail('javyenkim@gmail...', '=?UTF-8?Q?Payme...', '\r\n            <...', 'Date: Tue, 12 M...', '-f noreply@nana...')
#2 C:\xampp\htdocs\Midterm_activity_final\system\Email\Email.php(1708): CodeIgniter\Email\Email->sendWithMail()
#3 C:\xampp\htdocs\Midterm_activity_final\system\Email\Email.php(1602): CodeIgniter\Email\Email->spoolEmail()
#4 C:\xampp\htdocs\Midterm_activity_final\app\Controllers\Listahan.php(140): CodeIgniter\Email\Email->send(false)
#5 C:\xampp\htdocs\Midterm_activity_final\system\CodeIgniter.php(951): App\Controllers\Listahan->sendNotice()
#6 C:\xampp\htdocs\Midterm_activity_final\system\CodeIgniter.php(497): CodeIgniter\CodeIgniter->runController(Object(App\Controllers\Listahan))
#7 C:\xampp\htdocs\Midterm_activity_final\system\CodeIgniter.php(340): CodeIgniter\CodeIgniter->handleRequest(NULL, Object(Config\Cache), false)
#8 C:\xampp\htdocs\Midterm_activity_final\system\Boot.php(417): CodeIgniter\CodeIgniter->run()
#9 C:\xampp\htdocs\Midterm_activity_final\system\Boot.php(68): CodeIgniter\Boot::runCodeIgniter(Object(CodeIgniter\CodeIgniter))
#10 C:\xampp\htdocs\Midterm_activity_final\public\index.php(59): CodeIgniter\Boot::bootWeb(Object(Config\Paths))
#11 C:\xampp\htdocs\Midterm_activity_final\system\rewrite.php(44): require_once('C:\\xampp\\htdocs...')
#12 {main}
ERROR - 2026-05-12 16:41:07 --> Email: Unable to send email using PHP mail(). Your server might not be configured to send mail using this method.
ERROR - 2026-05-12 16:41:07 --> 
ERROR - 2026-05-12 16:41:30 --> Email: sendWithMail threw ErrorException: mail(): Failed to connect to mailserver at &quot;localhost&quot; port 25, verify your &quot;SMTP&quot; and &quot;smtp_port&quot; setting in php.ini or use ini_set() in C:\xampp\htdocs\Midterm_activity_final\system\Email\Email.php:1776
Stack trace:
#0 [internal function]: CodeIgniter\Debug\Exceptions->errorHandler(2, 'mail(): Failed ...', 'C:\\xampp\\htdocs...', 1776)
#1 C:\xampp\htdocs\Midterm_activity_final\system\Email\Email.php(1776): mail('javyenkim@gmail...', '=?UTF-8?Q?Payme...', '\r\n            <...', 'Date: Tue, 12 M...', '-f noreply@nana...')
#2 C:\xampp\htdocs\Midterm_activity_final\system\Email\Email.php(1708): CodeIgniter\Email\Email->sendWithMail()
#3 C:\xampp\htdocs\Midterm_activity_final\system\Email\Email.php(1602): CodeIgniter\Email\Email->spoolEmail()
#4 C:\xampp\htdocs\Midterm_activity_final\app\Controllers\Listahan.php(140): CodeIgniter\Email\Email->send(false)
#5 C:\xampp\htdocs\Midterm_activity_final\system\CodeIgniter.php(951): App\Controllers\Listahan->sendNotice()
#6 C:\xampp\htdocs\Midterm_activity_final\system\CodeIgniter.php(497): CodeIgniter\CodeIgniter->runController(Object(App\Controllers\Listahan))
#7 C:\xampp\htdocs\Midterm_activity_final\system\CodeIgniter.php(340): CodeIgniter\CodeIgniter->handleRequest(NULL, Object(Config\Cache), false)
#8 C:\xampp\htdocs\Midterm_activity_final\system\Boot.php(417): CodeIgniter\CodeIgniter->run()
#9 C:\xampp\htdocs\Midterm_activity_final\system\Boot.php(68): CodeIgniter\Boot::runCodeIgniter(Object(CodeIgniter\CodeIgniter))
#10 C:\xampp\htdocs\Midterm_activity_final\public\index.php(59): CodeIgniter\Boot::bootWeb(Object(Config\Paths))
#11 C:\xampp\htdocs\Midterm_activity_final\system\rewrite.php(44): require_once('C:\\xampp\\htdocs...')
#12 {main}
ERROR - 2026-05-12 16:41:30 --> Email: Unable to send email using PHP mail(). Your server might not be configured to send mail using this method.
ERROR - 2026-05-12 16:41:30 --> 
DEBUG - 2026-05-12 16:43:09 --> Session: Class initialized using 'CodeIgniter\Session\Handlers\FileHandler' driver.
DEBUG - 2026-05-12 16:43:10 --> Session: Class initialized using 'CodeIgniter\Session\Handlers\FileHandler' driver.
ERROR - 2026-05-12 16:43:39 --> Email: Unable to send email using SMTP. Your server might not be configured to send mail using this method.
ERROR - 2026-05-12 16:43:39 --> 220 smtp.gmail.com ESMTP d2e1a72fcca58-839679c7b92sm23641556b3a.29 - gsmtp

hello: 250-smtp.gmail.com at your service, [175.176.72.137]
250-SIZE 35882577
250-8BITMIME
250-STARTTLS
250-ENHANCEDSTATUSCODES
250-PIPELINING
250-CHUNKING
250 SMTPUTF8

starttls: 220 2.0.0 Ready to start TLS

hello: 250-smtp.gmail.com at your service, [175.176.72.137]
250-SIZE 35882577
250-8BITMIME
250-AUTH LOGIN PLAIN XOAUTH2 PLAIN-CLIENTTOKEN OAUTHBEARER XOAUTH
250-ENHANCEDSTATUSCODES
250-PIPELINING
250-CHUNKING
250 SMTPUTF8

Failed to authenticate password. Error: 535-5.7.8 Username and Password not accepted. For more information, go to
535 5.7.8  https://support.google.com/mail/?p=BadCredentials d2e1a72fcca58-839679c7b92sm23641556b3a.29 - gsmtp

ERROR - 2026-05-12 16:43:39 --> 220 smtp.gmail.com ESMTP d2e1a72fcca58-839679c7b92sm23641556b3a.29 - gsmtp
<br><pre>hello: 250-smtp.gmail.com at your service, [175.176.72.137]
250-SIZE 35882577
250-8BITMIME
250-STARTTLS
250-ENHANCEDSTATUSCODES
250-PIPELINING
250-CHUNKING
250 SMTPUTF8
</pre><pre>starttls: 220 2.0.0 Ready to start TLS
</pre><pre>hello: 250-smtp.gmail.com at your service, [175.176.72.137]
250-SIZE 35882577
250-8BITMIME
250-AUTH LOGIN PLAIN XOAUTH2 PLAIN-CLIENTTOKEN OAUTHBEARER XOAUTH
250-ENHANCEDSTATUSCODES
250-PIPELINING
250-CHUNKING
250 SMTPUTF8
</pre>Failed to authenticate password. Error: 535-5.7.8 Username and Password not accepted. For more information, go to
535 5.7.8  https://support.google.com/mail/?p=BadCredentials d2e1a72fcca58-839679c7b92sm23641556b3a.29 - gsmtp
<br>Unable to send email using SMTP. Your server might not be configured to send mail using this method.<br><pre>Date: Tue, 12 May 2026 16:43:34 +0000
To: javyenkim@gmail.com
From: &quot;Nanay Livy\&#039;s Store&quot; &lt;noreply@nanaylivys.com&gt;
Return-Path: &lt;noreply@nanaylivys.com&gt;
Subject: =?UTF-8?Q?Payment=20Reminder=20-=20Nanay=20Livy&#039;s=20Store?=
Reply-To: &lt;noreply@nanaylivys.com&gt;
User-Agent: CodeIgniter
X-Sender: noreply@nanaylivys.com
X-Mailer: CodeIgniter
X-Priority: 3 (Normal)
Message-ID: &lt;6a0358b64fa147.80535934@nanaylivys.com&gt;
Mime-Version: 1.0

</pre>
ERROR - 2026-05-12 16:44:00 --> Email: Unable to send email using SMTP. Your server might not be configured to send mail using this method.
ERROR - 2026-05-12 16:44:00 --> 220 smtp.gmail.com ESMTP 98e67ed59e1d1-368ede20a50sm362460a91.3 - gsmtp

hello: 250-smtp.gmail.com at your service, [175.176.72.137]
250-SIZE 35882577
250-8BITMIME
250-STARTTLS
250-ENHANCEDSTATUSCODES
250-PIPELINING
250-CHUNKING
250 SMTPUTF8

starttls: 220 2.0.0 Ready to start TLS

hello: 250-smtp.gmail.com at your service, [175.176.72.137]
250-SIZE 35882577
250-8BITMIME
250-AUTH LOGIN PLAIN XOAUTH2 PLAIN-CLIENTTOKEN OAUTHBEARER XOAUTH
250-ENHANCEDSTATUSCODES
250-PIPELINING
250-CHUNKING
250 SMTPUTF8

Failed to authenticate password. Error: 535-5.7.8 Username and Password not accepted. For more information, go to
535 5.7.8  https://support.google.com/mail/?p=BadCredentials 98e67ed59e1d1-368ede20a50sm362460a91.3 - gsmtp

ERROR - 2026-05-12 16:44:00 --> 220 smtp.gmail.com ESMTP 98e67ed59e1d1-368ede20a50sm362460a91.3 - gsmtp
<br><pre>hello: 250-smtp.gmail.com at your service, [175.176.72.137]
250-SIZE 35882577
250-8BITMIME
250-STARTTLS
250-ENHANCEDSTATUSCODES
250-PIPELINING
250-CHUNKING
250 SMTPUTF8
</pre><pre>starttls: 220 2.0.0 Ready to start TLS
</pre><pre>hello: 250-smtp.gmail.com at your service, [175.176.72.137]
250-SIZE 35882577
250-8BITMIME
250-AUTH LOGIN PLAIN XOAUTH2 PLAIN-CLIENTTOKEN OAUTHBEARER XOAUTH
250-ENHANCEDSTATUSCODES
250-PIPELINING
250-CHUNKING
250 SMTPUTF8
</pre>Failed to authenticate password. Error: 535-5.7.8 Username and Password not accepted. For more information, go to
535 5.7.8  https://support.google.com/mail/?p=BadCredentials 98e67ed59e1d1-368ede20a50sm362460a91.3 - gsmtp
<br>Unable to send email using SMTP. Your server might not be configured to send mail using this method.<br><pre>Date: Tue, 12 May 2026 16:43:57 +0000
To: javyenkim@gmail.com
From: &quot;Nanay Livy\&#039;s Store&quot; &lt;noreply@nanaylivys.com&gt;
Return-Path: &lt;noreply@nanaylivys.com&gt;
Subject: =?UTF-8?Q?Payment=20Reminder=20-=20Nanay=20Livy&#039;s=20Store?=
Reply-To: &lt;noreply@nanaylivys.com&gt;
User-Agent: CodeIgniter
X-Sender: noreply@nanaylivys.com
X-Mailer: CodeIgniter
X-Priority: 3 (Normal)
Message-ID: &lt;6a0358cd2b0f77.11492480@nanaylivys.com&gt;
Mime-Version: 1.0

</pre>
DEBUG - 2026-05-12 16:47:46 --> Session: Class initialized using 'CodeIgniter\Session\Handlers\FileHandler' driver.
ERROR - 2026-05-12 16:47:52 --> Email: Unable to send email using SMTP. Your server might not be configured to send mail using this method.
ERROR - 2026-05-12 16:47:52 --> 220 smtp.gmail.com ESMTP d9443c01a7336-2baf1d52f1bsm144218665ad.37 - gsmtp

hello: 250-smtp.gmail.com at your service, [175.176.72.137]
250-SIZE 35882577
250-8BITMIME
250-STARTTLS
250-ENHANCEDSTATUSCODES
250-PIPELINING
250-CHUNKING
250 SMTPUTF8

starttls: 220 2.0.0 Ready to start TLS

hello: 250-smtp.gmail.com at your service, [175.176.72.137]
250-SIZE 35882577
250-8BITMIME
250-AUTH LOGIN PLAIN XOAUTH2 PLAIN-CLIENTTOKEN OAUTHBEARER XOAUTH
250-ENHANCEDSTATUSCODES
250-PIPELINING
250-CHUNKING
250 SMTPUTF8

Failed to authenticate password. Error: 535-5.7.8 Username and Password not accepted. For more information, go to
535 5.7.8  https://support.google.com/mail/?p=BadCredentials d9443c01a7336-2baf1d52f1bsm144218665ad.37 - gsmtp

ERROR - 2026-05-12 16:47:52 --> 220 smtp.gmail.com ESMTP d9443c01a7336-2baf1d52f1bsm144218665ad.37 - gsmtp
<br><pre>hello: 250-smtp.gmail.com at your service, [175.176.72.137]
250-SIZE 35882577
250-8BITMIME
250-STARTTLS
250-ENHANCEDSTATUSCODES
250-PIPELINING
250-CHUNKING
250 SMTPUTF8
</pre><pre>starttls: 220 2.0.0 Ready to start TLS
</pre><pre>hello: 250-smtp.gmail.com at your service, [175.176.72.137]
250-SIZE 35882577
250-8BITMIME
250-AUTH LOGIN PLAIN XOAUTH2 PLAIN-CLIENTTOKEN OAUTHBEARER XOAUTH
250-ENHANCEDSTATUSCODES
250-PIPELINING
250-CHUNKING
250 SMTPUTF8
</pre>Failed to authenticate password. Error: 535-5.7.8 Username and Password not accepted. For more information, go to
535 5.7.8  https://support.google.com/mail/?p=BadCredentials d9443c01a7336-2baf1d52f1bsm144218665ad.37 - gsmtp
<br>Unable to send email using SMTP. Your server might not be configured to send mail using this method.<br><pre>Date: Tue, 12 May 2026 16:47:48 +0000
To: javyenkim@gmail.com
From: &quot;Nanay Livy\&#039;s Store&quot; &lt;noreply@nanaylivys.com&gt;
Return-Path: &lt;noreply@nanaylivys.com&gt;
Subject: =?UTF-8?Q?Payment=20Reminder=20-=20Nanay=20Livy&#039;s=20Store?=
Reply-To: &lt;noreply@nanaylivys.com&gt;
User-Agent: CodeIgniter
X-Sender: noreply@nanaylivys.com
X-Mailer: CodeIgniter
X-Priority: 3 (Normal)
Message-ID: &lt;6a0359b4c856e1.16490115@nanaylivys.com&gt;
Mime-Version: 1.0

</pre>
ERROR - 2026-05-12 16:48:37 --> Email: Unable to send email using SMTP. Your server might not be configured to send mail using this method.
ERROR - 2026-05-12 16:48:37 --> 220 smtp.gmail.com ESMTP d9443c01a7336-2baf1d40677sm141873195ad.33 - gsmtp

hello: 250-smtp.gmail.com at your service, [175.176.72.137]
250-SIZE 35882577
250-8BITMIME
250-STARTTLS
250-ENHANCEDSTATUSCODES
250-PIPELINING
250-CHUNKING
250 SMTPUTF8

starttls: 220 2.0.0 Ready to start TLS

hello: 250-smtp.gmail.com at your service, [175.176.72.137]
250-SIZE 35882577
250-8BITMIME
250-AUTH LOGIN PLAIN XOAUTH2 PLAIN-CLIENTTOKEN OAUTHBEARER XOAUTH
250-ENHANCEDSTATUSCODES
250-PIPELINING
250-CHUNKING
250 SMTPUTF8

Failed to authenticate password. Error: 535-5.7.8 Username and Password not accepted. For more information, go to
535 5.7.8  https://support.google.com/mail/?p=BadCredentials d9443c01a7336-2baf1d40677sm141873195ad.33 - gsmtp

ERROR - 2026-05-12 16:48:37 --> 220 smtp.gmail.com ESMTP d9443c01a7336-2baf1d40677sm141873195ad.33 - gsmtp
<br><pre>hello: 250-smtp.gmail.com at your service, [175.176.72.137]
250-SIZE 35882577
250-8BITMIME
250-STARTTLS
250-ENHANCEDSTATUSCODES
250-PIPELINING
250-CHUNKING
250 SMTPUTF8
</pre><pre>starttls: 220 2.0.0 Ready to start TLS
</pre><pre>hello: 250-smtp.gmail.com at your service, [175.176.72.137]
250-SIZE 35882577
250-8BITMIME
250-AUTH LOGIN PLAIN XOAUTH2 PLAIN-CLIENTTOKEN OAUTHBEARER XOAUTH
250-ENHANCEDSTATUSCODES
250-PIPELINING
250-CHUNKING
250 SMTPUTF8
</pre>Failed to authenticate password. Error: 535-5.7.8 Username and Password not accepted. For more information, go to
535 5.7.8  https://support.google.com/mail/?p=BadCredentials d9443c01a7336-2baf1d40677sm141873195ad.33 - gsmtp
<br>Unable to send email using SMTP. Your server might not be configured to send mail using this method.<br><pre>Date: Tue, 12 May 2026 16:48:30 +0000
To: javyenkim@gmail.com
From: &quot;Nanay Livy\&#039;s Store&quot; &lt;noreply@nanaylivys.com&gt;
Return-Path: &lt;noreply@nanaylivys.com&gt;
Subject: =?UTF-8?Q?Payment=20Reminder=20-=20Nanay=20Livy&#039;s=20Store?=
Reply-To: &lt;noreply@nanaylivys.com&gt;
User-Agent: CodeIgniter
X-Sender: noreply@nanaylivys.com
X-Mailer: CodeIgniter
X-Priority: 3 (Normal)
Message-ID: &lt;6a0359de6834d2.33673595@nanaylivys.com&gt;
Mime-Version: 1.0

</pre>
DEBUG - 2026-05-12 16:51:29 --> Session: Class initialized using 'CodeIgniter\Session\Handlers\FileHandler' driver.
DEBUG - 2026-05-12 16:53:01 --> Session: Class initialized using 'CodeIgniter\Session\Handlers\FileHandler' driver.
DEBUG - 2026-05-12 16:53:06 --> Session: Class initialized using 'CodeIgniter\Session\Handlers\FileHandler' driver.
ERROR - 2026-05-12 16:53:20 --> Email: Unable to send email using SMTP. Your server might not be configured to send mail using this method.
ERROR - 2026-05-12 16:53:20 --> 220 smtp.gmail.com ESMTP 98e67ed59e1d1-368b04ae9easm1144901a91.8 - gsmtp

hello: 250-smtp.gmail.com at your service, [175.176.72.137]
250-SIZE 35882577
250-8BITMIME
250-STARTTLS
250-ENHANCEDSTATUSCODES
250-PIPELINING
250-CHUNKING
250 SMTPUTF8

starttls: 220 2.0.0 Ready to start TLS

hello: 250-smtp.gmail.com at your service, [175.176.72.137]
250-SIZE 35882577
250-8BITMIME
250-AUTH LOGIN PLAIN XOAUTH2 PLAIN-CLIENTTOKEN OAUTHBEARER XOAUTH
250-ENHANCEDSTATUSCODES
250-PIPELINING
250-CHUNKING
250 SMTPUTF8

Failed to authenticate password. Error: 535-5.7.8 Username and Password not accepted. For more information, go to
535 5.7.8  https://support.google.com/mail/?p=BadCredentials 98e67ed59e1d1-368b04ae9easm1144901a91.8 - gsmtp

ERROR - 2026-05-12 16:53:20 --> 220 smtp.gmail.com ESMTP 98e67ed59e1d1-368b04ae9easm1144901a91.8 - gsmtp
<br><pre>hello: 250-smtp.gmail.com at your service, [175.176.72.137]
250-SIZE 35882577
250-8BITMIME
250-STARTTLS
250-ENHANCEDSTATUSCODES
250-PIPELINING
250-CHUNKING
250 SMTPUTF8
</pre><pre>starttls: 220 2.0.0 Ready to start TLS
</pre><pre>hello: 250-smtp.gmail.com at your service, [175.176.72.137]
250-SIZE 35882577
250-8BITMIME
250-AUTH LOGIN PLAIN XOAUTH2 PLAIN-CLIENTTOKEN OAUTHBEARER XOAUTH
250-ENHANCEDSTATUSCODES
250-PIPELINING
250-CHUNKING
250 SMTPUTF8
</pre>Failed to authenticate password. Error: 535-5.7.8 Username and Password not accepted. For more information, go to
535 5.7.8  https://support.google.com/mail/?p=BadCredentials 98e67ed59e1d1-368b04ae9easm1144901a91.8 - gsmtp
<br>Unable to send email using SMTP. Your server might not be configured to send mail using this method.<br><pre>Date: Tue, 12 May 2026 16:53:14 +0000
To: nayeoungi@gmail.com
From: &quot;Nanay Livy\&#039;s Store&quot; &lt;noreply@nanaylivys.com&gt;
Return-Path: &lt;noreply@nanaylivys.com&gt;
Subject: =?UTF-8?Q?Payment=20Reminder=20-=20Nanay=20Livy&#039;s=20Store?=
Reply-To: &lt;noreply@nanaylivys.com&gt;
User-Agent: CodeIgniter
X-Sender: noreply@nanaylivys.com
X-Mailer: CodeIgniter
X-Priority: 3 (Normal)
Message-ID: &lt;6a035afa9bf283.20876512@nanaylivys.com&gt;
Mime-Version: 1.0

</pre>
ERROR - 2026-05-12 16:53:52 --> Email: Unable to send email using SMTP. Your server might not be configured to send mail using this method.
ERROR - 2026-05-12 16:53:52 --> 220 smtp.gmail.com ESMTP d2e1a72fcca58-83967dbf0cesm29548501b3a.46 - gsmtp

hello: 250-smtp.gmail.com at your service, [175.176.72.137]
250-SIZE 35882577
250-8BITMIME
250-STARTTLS
250-ENHANCEDSTATUSCODES
250-PIPELINING
250-CHUNKING
250 SMTPUTF8

starttls: 220 2.0.0 Ready to start TLS

hello: 250-smtp.gmail.com at your service, [175.176.72.137]
250-SIZE 35882577
250-8BITMIME
250-AUTH LOGIN PLAIN XOAUTH2 PLAIN-CLIENTTOKEN OAUTHBEARER XOAUTH
250-ENHANCEDSTATUSCODES
250-PIPELINING
250-CHUNKING
250 SMTPUTF8

Failed to authenticate password. Error: 535-5.7.8 Username and Password not accepted. For more information, go to
535 5.7.8  https://support.google.com/mail/?p=BadCredentials d2e1a72fcca58-83967dbf0cesm29548501b3a.46 - gsmtp

ERROR - 2026-05-12 16:53:52 --> 220 smtp.gmail.com ESMTP d2e1a72fcca58-83967dbf0cesm29548501b3a.46 - gsmtp
<br><pre>hello: 250-smtp.gmail.com at your service, [175.176.72.137]
250-SIZE 35882577
250-8BITMIME
250-STARTTLS
250-ENHANCEDSTATUSCODES
250-PIPELINING
250-CHUNKING
250 SMTPUTF8
</pre><pre>starttls: 220 2.0.0 Ready to start TLS
</pre><pre>hello: 250-smtp.gmail.com at your service, [175.176.72.137]
250-SIZE 35882577
250-8BITMIME
250-AUTH LOGIN PLAIN XOAUTH2 PLAIN-CLIENTTOKEN OAUTHBEARER XOAUTH
250-ENHANCEDSTATUSCODES
250-PIPELINING
250-CHUNKING
250 SMTPUTF8
</pre>Failed to authenticate password. Error: 535-5.7.8 Username and Password not accepted. For more information, go to
535 5.7.8  https://support.google.com/mail/?p=BadCredentials d2e1a72fcca58-83967dbf0cesm29548501b3a.46 - gsmtp
<br>Unable to send email using SMTP. Your server might not be configured to send mail using this method.<br><pre>Date: Tue, 12 May 2026 16:53:48 +0000
To: javyenkim@gmail.com
From: &quot;Nanay Livy\&#039;s Store&quot; &lt;noreply@nanaylivys.com&gt;
Return-Path: &lt;noreply@nanaylivys.com&gt;
Subject: =?UTF-8?Q?Payment=20Reminder=20-=20Nanay=20Livy&#039;s=20Store?=
Reply-To: &lt;noreply@nanaylivys.com&gt;
User-Agent: CodeIgniter
X-Sender: noreply@nanaylivys.com
X-Mailer: CodeIgniter
X-Priority: 3 (Normal)
Message-ID: &lt;6a035b1c8b7253.40837310@nanaylivys.com&gt;
Mime-Version: 1.0

</pre>
DEBUG - 2026-05-12 17:00:17 --> Session: Class initialized using 'CodeIgniter\Session\Handlers\FileHandler' driver.
DEBUG - 2026-05-12 17:00:52 --> Session: Class initialized using 'CodeIgniter\Session\Handlers\FileHandler' driver.
DEBUG - 2026-05-12 17:10:14 --> Session: Class initialized using 'CodeIgniter\Session\Handlers\FileHandler' driver.
DEBUG - 2026-05-12 17:10:33 --> Session: Class initialized using 'CodeIgniter\Session\Handlers\FileHandler' driver.
DEBUG - 2026-05-12 17:10:53 --> Session: Class initialized using 'CodeIgniter\Session\Handlers\FileHandler' driver.
DEBUG - 2026-05-12 17:10:56 --> Session: Class initialized using 'CodeIgniter\Session\Handlers\FileHandler' driver.
DEBUG - 2026-05-12 17:11:02 --> Session: Class initialized using 'CodeIgniter\Session\Handlers\FileHandler' driver.
DEBUG - 2026-05-12 17:11:05 --> Session: Class initialized using 'CodeIgniter\Session\Handlers\FileHandler' driver.
DEBUG - 2026-05-12 17:11:06 --> Session: Class initialized using 'CodeIgniter\Session\Handlers\FileHandler' driver.
DEBUG - 2026-05-12 17:11:09 --> Session: Class initialized using 'CodeIgniter\Session\Handlers\FileHandler' driver.
DEBUG - 2026-05-12 17:11:12 --> Session: Class initialized using 'CodeIgniter\Session\Handlers\FileHandler' driver.
DEBUG - 2026-05-12 17:11:17 --> Session: Class initialized using 'CodeIgniter\Session\Handlers\FileHandler' driver.
DEBUG - 2026-05-12 17:11:19 --> Session: Class initialized using 'CodeIgniter\Session\Handlers\FileHandler' driver.
DEBUG - 2026-05-12 17:13:24 --> Session: Class initialized using 'CodeIgniter\Session\Handlers\FileHandler' driver.
DEBUG - 2026-05-12 17:13:51 --> Session: Class initialized using 'CodeIgniter\Session\Handlers\FileHandler' driver.
DEBUG - 2026-05-12 17:13:52 --> Session: Class initialized using 'CodeIgniter\Session\Handlers\FileHandler' driver.
DEBUG - 2026-05-12 17:18:35 --> Session: Class initialized using 'CodeIgniter\Session\Handlers\FileHandler' driver.
DEBUG - 2026-05-12 17:19:19 --> Session: Class initialized using 'CodeIgniter\Session\Handlers\FileHandler' driver.
DEBUG - 2026-05-12 17:19:20 --> Session: Class initialized using 'CodeIgniter\Session\Handlers\FileHandler' driver.
DEBUG - 2026-05-12 17:19:32 --> Session: Class initialized using 'CodeIgniter\Session\Handlers\FileHandler' driver.
DEBUG - 2026-05-12 17:19:40 --> Session: Class initialized using 'CodeIgniter\Session\Handlers\FileHandler' driver.
DEBUG - 2026-05-12 17:19:44 --> Session: Class initialized using 'CodeIgniter\Session\Handlers\FileHandler' driver.
DEBUG - 2026-05-12 17:19:48 --> Session: Class initialized using 'CodeIgniter\Session\Handlers\FileHandler' driver.
DEBUG - 2026-05-12 17:19:58 --> Session: Class initialized using 'CodeIgniter\Session\Handlers\FileHandler' driver.
DEBUG - 2026-05-12 17:20:01 --> Session: Class initialized using 'CodeIgniter\Session\Handlers\FileHandler' driver.
DEBUG - 2026-05-12 17:20:06 --> Session: Class initialized using 'CodeIgniter\Session\Handlers\FileHandler' driver.
DEBUG - 2026-05-12 17:20:18 --> Session: Class initialized using 'CodeIgniter\Session\Handlers\FileHandler' driver.
DEBUG - 2026-05-12 17:20:18 --> Session: Class initialized using 'CodeIgniter\Session\Handlers\FileHandler' driver.
DEBUG - 2026-05-12 17:20:21 --> Session: Class initialized using 'CodeIgniter\Session\Handlers\FileHandler' driver.
DEBUG - 2026-05-12 17:20:22 --> Session: Class initialized using 'CodeIgniter\Session\Handlers\FileHandler' driver.
DEBUG - 2026-05-12 17:20:35 --> Session: Class initialized using 'CodeIgniter\Session\Handlers\FileHandler' driver.
DEBUG - 2026-05-12 17:20:37 --> Session: Class initialized using 'CodeIgniter\Session\Handlers\FileHandler' driver.
DEBUG - 2026-05-12 17:20:37 --> Session: Class initialized using 'CodeIgniter\Session\Handlers\FileHandler' driver.
DEBUG - 2026-05-12 17:20:38 --> Session: Class initialized using 'CodeIgniter\Session\Handlers\FileHandler' driver.
DEBUG - 2026-05-12 17:20:42 --> Session: Class initialized using 'CodeIgniter\Session\Handlers\FileHandler' driver.
DEBUG - 2026-05-12 17:20:48 --> Session: Class initialized using 'CodeIgniter\Session\Handlers\FileHandler' driver.
DEBUG - 2026-05-12 17:20:52 --> Session: Class initialized using 'CodeIgniter\Session\Handlers\FileHandler' driver.
DEBUG - 2026-05-12 17:20:54 --> Session: Class initialized using 'CodeIgniter\Session\Handlers\FileHandler' driver.
DEBUG - 2026-05-12 17:20:54 --> Session: Class initialized using 'CodeIgniter\Session\Handlers\FileHandler' driver.
DEBUG - 2026-05-12 17:22:25 --> Session: Class initialized using 'CodeIgniter\Session\Handlers\FileHandler' driver.
DEBUG - 2026-05-12 17:22:29 --> Session: Class initialized using 'CodeIgniter\Session\Handlers\FileHandler' driver.
DEBUG - 2026-05-12 17:22:54 --> Session: Class initialized using 'CodeIgniter\Session\Handlers\FileHandler' driver.
DEBUG - 2026-05-12 17:22:54 --> Session: Class initialized using 'CodeIgniter\Session\Handlers\FileHandler' driver.
DEBUG - 2026-05-12 17:23:03 --> Session: Class initialized using 'CodeIgniter\Session\Handlers\FileHandler' driver.
DEBUG - 2026-05-12 17:23:04 --> Session: Class initialized using 'CodeIgniter\Session\Handlers\FileHandler' driver.
DEBUG - 2026-05-12 17:23:10 --> Session: Class initialized using 'CodeIgniter\Session\Handlers\FileHandler' driver.
DEBUG - 2026-05-12 17:25:59 --> Session: Class initialized using 'CodeIgniter\Session\Handlers\FileHandler' driver.
DEBUG - 2026-05-12 17:26:01 --> Session: Class initialized using 'CodeIgniter\Session\Handlers\FileHandler' driver.
DEBUG - 2026-05-12 17:29:07 --> Session: Class initialized using 'CodeIgniter\Session\Handlers\FileHandler' driver.
DEBUG - 2026-05-12 17:30:24 --> Session: Class initialized using 'CodeIgniter\Session\Handlers\FileHandler' driver.
DEBUG - 2026-05-12 17:30:24 --> Session: Class initialized using 'CodeIgniter\Session\Handlers\FileHandler' driver.
DEBUG - 2026-05-12 17:35:18 --> Session: Class initialized using 'CodeIgniter\Session\Handlers\FileHandler' driver.
DEBUG - 2026-05-12 17:36:01 --> Session: Class initialized using 'CodeIgniter\Session\Handlers\FileHandler' driver.
DEBUG - 2026-05-12 17:36:02 --> Session: Class initialized using 'CodeIgniter\Session\Handlers\FileHandler' driver.
DEBUG - 2026-05-12 17:36:14 --> Session: Class initialized using 'CodeIgniter\Session\Handlers\FileHandler' driver.
DEBUG - 2026-05-12 17:38:37 --> Session: Class initialized using 'CodeIgniter\Session\Handlers\FileHandler' driver.
DEBUG - 2026-05-12 17:40:12 --> Session: Class initialized using 'CodeIgniter\Session\Handlers\FileHandler' driver.
DEBUG - 2026-05-12 17:40:31 --> Session: Class initialized using 'CodeIgniter\Session\Handlers\FileHandler' driver.
DEBUG - 2026-05-12 17:40:31 --> Session: Class initialized using 'CodeIgniter\Session\Handlers\FileHandler' driver.
DEBUG - 2026-05-12 17:40:40 --> Session: Class initialized using 'CodeIgniter\Session\Handlers\FileHandler' driver.
DEBUG - 2026-05-12 17:40:43 --> Session: Class initialized using 'CodeIgniter\Session\Handlers\FileHandler' driver.
DEBUG - 2026-05-12 17:40:45 --> Session: Class initialized using 'CodeIgniter\Session\Handlers\FileHandler' driver.
DEBUG - 2026-05-12 17:40:58 --> Session: Class initialized using 'CodeIgniter\Session\Handlers\FileHandler' driver.
DEBUG - 2026-05-12 17:41:16 --> Session: Class initialized using 'CodeIgniter\Session\Handlers\FileHandler' driver.
DEBUG - 2026-05-12 17:43:41 --> Session: Class initialized using 'CodeIgniter\Session\Handlers\FileHandler' driver.
DEBUG - 2026-05-12 17:43:58 --> Session: Class initialized using 'CodeIgniter\Session\Handlers\FileHandler' driver.
DEBUG - 2026-05-12 17:43:58 --> Session: Class initialized using 'CodeIgniter\Session\Handlers\FileHandler' driver.
DEBUG - 2026-05-12 17:44:05 --> Session: Class initialized using 'CodeIgniter\Session\Handlers\FileHandler' driver.
DEBUG - 2026-05-12 17:44:08 --> Session: Class initialized using 'CodeIgniter\Session\Handlers\FileHandler' driver.
DEBUG - 2026-05-12 17:44:12 --> Session: Class initialized using 'CodeIgniter\Session\Handlers\FileHandler' driver.
DEBUG - 2026-05-12 17:44:17 --> Session: Class initialized using 'CodeIgniter\Session\Handlers\FileHandler' driver.
DEBUG - 2026-05-12 17:44:20 --> Session: Class initialized using 'CodeIgniter\Session\Handlers\FileHandler' driver.
DEBUG - 2026-05-12 17:44:24 --> Session: Class initialized using 'CodeIgniter\Session\Handlers\FileHandler' driver.
DEBUG - 2026-05-12 17:44:28 --> Session: Class initialized using 'CodeIgniter\Session\Handlers\FileHandler' driver.
DEBUG - 2026-05-12 17:44:30 --> Session: Class initialized using 'CodeIgniter\Session\Handlers\FileHandler' driver.
DEBUG - 2026-05-12 17:44:35 --> Session: Class initialized using 'CodeIgniter\Session\Handlers\FileHandler' driver.
DEBUG - 2026-05-12 17:44:40 --> Session: Class initialized using 'CodeIgniter\Session\Handlers\FileHandler' driver.
DEBUG - 2026-05-12 17:44:45 --> Session: Class initialized using 'CodeIgniter\Session\Handlers\FileHandler' driver.
DEBUG - 2026-05-12 17:44:53 --> Session: Class initialized using 'CodeIgniter\Session\Handlers\FileHandler' driver.
DEBUG - 2026-05-12 17:46:25 --> Session: Class initialized using 'CodeIgniter\Session\Handlers\FileHandler' driver.
DEBUG - 2026-05-12 17:46:33 --> Session: Class initialized using 'CodeIgniter\Session\Handlers\FileHandler' driver.
DEBUG - 2026-05-12 17:46:40 --> Session: Class initialized using 'CodeIgniter\Session\Handlers\FileHandler' driver.
DEBUG - 2026-05-12 17:51:38 --> Session: Class initialized using 'CodeIgniter\Session\Handlers\FileHandler' driver.
DEBUG - 2026-05-12 17:51:39 --> Session: Class initialized using 'CodeIgniter\Session\Handlers\FileHandler' driver.
DEBUG - 2026-05-12 17:54:02 --> Session: Class initialized using 'CodeIgniter\Session\Handlers\FileHandler' driver.
DEBUG - 2026-05-12 17:54:17 --> Session: Class initialized using 'CodeIgniter\Session\Handlers\FileHandler' driver.
DEBUG - 2026-05-12 17:54:36 --> Session: Class initialized using 'CodeIgniter\Session\Handlers\FileHandler' driver.
DEBUG - 2026-05-12 17:54:37 --> Session: Class initialized using 'CodeIgniter\Session\Handlers\FileHandler' driver.
DEBUG - 2026-05-12 18:00:32 --> Session: Class initialized using 'CodeIgniter\Session\Handlers\FileHandler' driver.
DEBUG - 2026-05-12 18:00:51 --> Session: Class initialized using 'CodeIgniter\Session\Handlers\FileHandler' driver.
DEBUG - 2026-05-12 18:01:00 --> Session: Class initialized using 'CodeIgniter\Session\Handlers\FileHandler' driver.
DEBUG - 2026-05-12 18:01:00 --> Session: Class initialized using 'CodeIgniter\Session\Handlers\FileHandler' driver.
DEBUG - 2026-05-12 18:01:02 --> Session: Class initialized using 'CodeIgniter\Session\Handlers\FileHandler' driver.
DEBUG - 2026-05-12 18:01:12 --> Session: Class initialized using 'CodeIgniter\Session\Handlers\FileHandler' driver.
DEBUG - 2026-05-12 18:01:12 --> Session: Class initialized using 'CodeIgniter\Session\Handlers\FileHandler' driver.
DEBUG - 2026-05-12 18:01:18 --> Session: Class initialized using 'CodeIgniter\Session\Handlers\FileHandler' driver.
DEBUG - 2026-05-12 18:01:37 --> Session: Class initialized using 'CodeIgniter\Session\Handlers\FileHandler' driver.
DEBUG - 2026-05-12 18:02:02 --> Session: Class initialized using 'CodeIgniter\Session\Handlers\FileHandler' driver.
DEBUG - 2026-05-12 18:02:07 --> Session: Class initialized using 'CodeIgniter\Session\Handlers\FileHandler' driver.
DEBUG - 2026-05-12 18:02:13 --> Session: Class initialized using 'CodeIgniter\Session\Handlers\FileHandler' driver.
DEBUG - 2026-05-12 18:05:26 --> Session: Class initialized using 'CodeIgniter\Session\Handlers\FileHandler' driver.
DEBUG - 2026-05-12 18:07:54 --> Session: Class initialized using 'CodeIgniter\Session\Handlers\FileHandler' driver.
DEBUG - 2026-05-12 18:08:05 --> Session: Class initialized using 'CodeIgniter\Session\Handlers\FileHandler' driver.
DEBUG - 2026-05-12 18:09:02 --> Session: Class initialized using 'CodeIgniter\Session\Handlers\FileHandler' driver.
DEBUG - 2026-05-12 18:09:05 --> Session: Class initialized using 'CodeIgniter\Session\Handlers\FileHandler' driver.
DEBUG - 2026-05-12 18:09:08 --> Session: Class initialized using 'CodeIgniter\Session\Handlers\FileHandler' driver.
DEBUG - 2026-05-12 18:09:15 --> Session: Class initialized using 'CodeIgniter\Session\Handlers\FileHandler' driver.
DEBUG - 2026-05-12 18:09:25 --> Session: Class initialized using 'CodeIgniter\Session\Handlers\FileHandler' driver.
DEBUG - 2026-05-12 18:09:38 --> Session: Class initialized using 'CodeIgniter\Session\Handlers\FileHandler' driver.
DEBUG - 2026-05-12 18:09:38 --> Session: Class initialized using 'CodeIgniter\Session\Handlers\FileHandler' driver.
DEBUG - 2026-05-12 18:09:45 --> Session: Class initialized using 'CodeIgniter\Session\Handlers\FileHandler' driver.
DEBUG - 2026-05-12 18:10:08 --> Session: Class initialized using 'CodeIgniter\Session\Handlers\FileHandler' driver.
DEBUG - 2026-05-12 18:10:24 --> Session: Class initialized using 'CodeIgniter\Session\Handlers\FileHandler' driver.
DEBUG - 2026-05-12 18:10:28 --> Session: Class initialized using 'CodeIgniter\Session\Handlers\FileHandler' driver.
DEBUG - 2026-05-12 18:10:36 --> Session: Class initialized using 'CodeIgniter\Session\Handlers\FileHandler' driver.
DEBUG - 2026-05-12 18:10:47 --> Session: Class initialized using 'CodeIgniter\Session\Handlers\FileHandler' driver.
DEBUG - 2026-05-12 18:10:50 --> Session: Class initialized using 'CodeIgniter\Session\Handlers\FileHandler' driver.
DEBUG - 2026-05-12 18:10:52 --> Session: Class initialized using 'CodeIgniter\Session\Handlers\FileHandler' driver.
DEBUG - 2026-05-12 18:10:54 --> Session: Class initialized using 'CodeIgniter\Session\Handlers\FileHandler' driver.
DEBUG - 2026-05-12 18:10:58 --> Session: Class initialized using 'CodeIgniter\Session\Handlers\FileHandler' driver.
DEBUG - 2026-05-12 18:11:01 --> Session: Class initialized using 'CodeIgniter\Session\Handlers\FileHandler' driver.
DEBUG - 2026-05-12 18:11:04 --> Session: Class initialized using 'CodeIgniter\Session\Handlers\FileHandler' driver.
DEBUG - 2026-05-12 18:11:31 --> Session: Class initialized using 'CodeIgniter\Session\Handlers\FileHandler' driver.
DEBUG - 2026-05-12 18:12:23 --> Session: Class initialized using 'CodeIgniter\Session\Handlers\FileHandler' driver.
DEBUG - 2026-05-12 18:12:28 --> Session: Class initialized using 'CodeIgniter\Session\Handlers\FileHandler' driver.
DEBUG - 2026-05-12 18:12:35 --> Session: Class initialized using 'CodeIgniter\Session\Handlers\FileHandler' driver.
DEBUG - 2026-05-12 18:12:36 --> Session: Class initialized using 'CodeIgniter\Session\Handlers\FileHandler' driver.
DEBUG - 2026-05-12 18:12:41 --> Session: Class initialized using 'CodeIgniter\Session\Handlers\FileHandler' driver.
DEBUG - 2026-05-12 18:12:43 --> Session: Class initialized using 'CodeIgniter\Session\Handlers\FileHandler' driver.
DEBUG - 2026-05-12 18:17:18 --> Session: Class initialized using 'CodeIgniter\Session\Handlers\FileHandler' driver.
DEBUG - 2026-05-12 18:17:24 --> Session: Class initialized using 'CodeIgniter\Session\Handlers\FileHandler' driver.
DEBUG - 2026-05-12 18:17:33 --> Session: Class initialized using 'CodeIgniter\Session\Handlers\FileHandler' driver.
DEBUG - 2026-05-12 18:17:34 --> Session: Class initialized using 'CodeIgniter\Session\Handlers\FileHandler' driver.
DEBUG - 2026-05-12 18:17:38 --> Session: Class initialized using 'CodeIgniter\Session\Handlers\FileHandler' driver.
DEBUG - 2026-05-12 18:17:40 --> Session: Class initialized using 'CodeIgniter\Session\Handlers\FileHandler' driver.
DEBUG - 2026-05-12 18:17:50 --> Session: Class initialized using 'CodeIgniter\Session\Handlers\FileHandler' driver.
DEBUG - 2026-05-12 18:17:53 --> Session: Class initialized using 'CodeIgniter\Session\Handlers\FileHandler' driver.
DEBUG - 2026-05-12 18:17:59 --> Session: Class initialized using 'CodeIgniter\Session\Handlers\FileHandler' driver.
DEBUG - 2026-05-12 18:17:59 --> Session: Class initialized using 'CodeIgniter\Session\Handlers\FileHandler' driver.
DEBUG - 2026-05-12 18:18:03 --> Session: Class initialized using 'CodeIgniter\Session\Handlers\FileHandler' driver.
DEBUG - 2026-05-12 18:18:11 --> Session: Class initialized using 'CodeIgniter\Session\Handlers\FileHandler' driver.
DEBUG - 2026-05-12 18:18:52 --> Session: Class initialized using 'CodeIgniter\Session\Handlers\FileHandler' driver.
